date,time_utc,league,event_id,matchup,pick,side,tier,model_raw,model_prob,market_prob,edge,price,units,elo_pick,elo_opp,conf,notes,staked,gate,model_fav,research,research_lean,research_adj,research_flag,epa_points,epa_p,flow_move,flow_dir,flow_ticket_share,flow_money_share,flow_book_share,result,graded_utc,close_prob,close_utc,clv,profit
2026-09-04,13:29,atp,KXATPMATCH-26SEP04YIBALC,Yibing Wu vs Carlos Alcaraz,Carlos Alcaraz,neutral,LEAN,0.543,0.91,0.925,-0.015,0.93,0.0,1534.7,1504.5,0.08,form Carlos Alcaraz WW / Yibing Wu WLLWW | Elo 1535 v 1505; model wt 4%,,,,,,,,,,,,,,,W,,,,,0
2026-09-04,13:29,atp,KXATPMATCH-26SEP04BUBPAU,Alexander Bublik vs Tommy Paul,Tommy Paul,neutral,LEAN,0.512,0.588,0.609,-0.021,0.62,0.0,1581.2,1573.1,0.44,form Tommy Paul WWLWW / Alexander Bublik WWLWW | Elo 1581 v 1573; model wt 22%,,,,,,,,,,,,,,,W,,,,,0
2026-09-04,13:29,atp,KXATPMATCH-26SEP04VACTIA,Valentin Vacherot vs Frances Tiafoe,Frances Tiafoe,neutral,LEAN,0.635,0.635,0.635,0.0,0.64,0.0,1587.2,1491.0,0.28,form Frances Tiafoe WWLWW / Valentin Vacherot LLLWW | Elo 1587 v 1491; model wt 14%,,,,,,,,,,,,,,,W,,,,,0
2026-09-04,13:29,atp,KXATPMATCH-26SEP04ETCNAV,Tomas Martin Etcheverry vs Mariano Navone,Tomas Martin Etcheverry,neutral,LEAN,0.442,0.5,0.515,-0.015,0.52,0.0,1483.7,1524.5,0.4,form Mariano Navone WLLWW / Tomas Martin Etcheverry LLLWW | Elo 1525 v 1484; model wt 20%,,,,,,,,,,,,,,,W,,,,,0
2026-09-04,13:29,atp,KXATPMATCH-26SEP04LEHTSI,Jiri Lehecka vs Stefanos Tsitsipas,Jiri Lehecka,neutral,LEAN,0.452,0.576,0.615,-0.039,0.62,0.0,1558.8,1592.1,0.48,form Stefanos Tsitsipas LWLWW / Jiri Lehecka LWLWW | Elo 1592 v 1559; model wt 24%,,,,,,,,,,,,,,,L,,,,,0
2026-09-04,13:29,atp,KXATPMATCH-26SEP04SHESHA,Ben Shelton vs Denis Shapovalov,Denis Shapovalov,neutral,EDGE,0.432,0.27,0.225,0.045,0.23,0.13,1547.9,1595.7,0.44,form Denis Shapovalov LWLWW / Ben Shelton WWLWW | Elo 1548 v 1596; model wt 22%,,,,,,,,,,,,,,,L,,,,,-0.13
2026-09-04,13:29,atp,KXATPMATCH-26SEP04MEDRIN,Daniil Medvedev vs Arthur Rinderknech,Arthur Rinderknech,neutral,EDGE,0.514,0.316,0.272,0.044,0.28,0.12,1531.9,1522.0,0.36,form Arthur Rinderknech WLLWW / Daniil Medvedev WLLWW | Elo 1532 v 1522; model wt 18%,,,,,,,,,,,,,,,L,,,,,-0.12
2026-09-04,13:29,atp,KXATPMATCH-26SEP04MICMER,Alex Michelsen vs Daniel Merida,Daniel Merida,neutral,EDGE,0.619,0.416,0.365,0.051,0.37,0.18,1634.9,1550.3,0.4,form Daniel Merida WWLWW / Alex Michelsen LWLWW | H2H Daniel Merida 1-0 | Elo 1635 v 1550; model wt 20%,,,,,,,,,,,,,,,L,,,,,-0.18
2026-09-04,13:29,wta,KXWTAMATCH-26SEP04POTANI,Anastasia Potapova vs Amanda Anisimova,Amanda Anisimova,neutral,LEAN,0.618,0.8,0.835,-0.035,0.84,0.0,1587.6,1504.4,0.32,form Amanda Anisimova WWLWW / Anastasia Potapova WLLWW | Elo 1588 v 1504; model wt 16%,,,,,,,,,,,,,,,L,,,,,0
2026-09-04,13:29,wta,KXWTAMATCH-26SEP04SWIBOU,Iga Swiatek vs Marie Bouzkova,Marie Bouzkova,neutral,EDGE,0.373,0.211,0.153,0.057,0.16,0.15,1574.6,1664.6,0.52,form Marie Bouzkova WWLWW / Iga Swiatek WWLWW | Elo 1575 v 1665; model wt 26%,,,,,,,,,,,,,,,L,,,,,-0.15
2026-09-04,13:29,wta,KXWTAMATCH-26SEP04OSAMER,Naomi Osaka vs Elise Mertens,Elise Mertens,neutral,EDGE,0.466,0.336,0.285,0.051,0.29,0.16,1585.6,1609.4,0.56,form Elise Mertens WWLWW / Naomi Osaka WWLWW | H2H Elise Mertens 0-1 | Elo 1586 v 1609; model wt 28%,,,,,,,,,,,,,,,L,,,,,-0.16
2026-09-04,13:29,wta,KXWTAMATCH-26SEP04ANNNOS,Ann Li vs Linda Noskova,Linda Noskova,neutral,LEAN,0.615,0.721,0.755,-0.034,0.76,0.0,1608.2,1527.0,0.48,form Linda Noskova WWLWW / Ann Li WWLWW | Elo 1608 v 1527; model wt 24%,,,,,,,,,,,,,,,W,,,,,0
2026-09-04,13:29,wta,KXWTAMATCH-26SEP04SVIKAL,Elina Svitolina vs Anna Kalinskaya,Elina Svitolina,neutral,LEAN,0.53,0.666,0.705,-0.039,0.71,0.0,1581.3,1560.6,0.44,form Anna Kalinskaya LWLWW / Elina Svitolina WLWWW | Elo 1561 v 1581; model wt 22%,,,,,,,,,,,,,,,L,,,,,0
2026-09-04,13:29,wta,KXWTAMATCH-26SEP04SABRAK,Aryna Sabalenka vs Kamilla Rakhimova,Kamilla Rakhimova,neutral,EDGE,0.434,0.146,0.055,0.091,0.06,0.23,1536.4,1582.8,0.48,form Kamilla Rakhimova LWLWW / Aryna Sabalenka WWLWW | Elo 1536 v 1583; model wt 24%,,,,,,,,,,,,,,,L,,,,,-0.23
2026-09-04,13:29,wta,KXWTAMATCH-26SEP04KOSALE,Marta Kostyuk vs Ekaterina Alexandrova,Marta Kostyuk,neutral,LEAN,0.616,0.713,0.748,-0.034,0.76,0.0,1624.6,1542.2,0.52,form Ekaterina Alexandrova WLLWW / Marta Kostyuk WWLWW | Elo 1542 v 1625; model wt 26%,,,,,,,,,,,,,,,W,,,,,0
2026-09-04,13:29,wta,KXWTAMATCH-26SEP04NAVMUC,Emma Navarro vs Karolina Muchova,Karolina Muchova,neutral,LEAN,0.615,0.76,0.787,-0.028,0.8,0.0,1617.5,1536.3,0.32,form Karolina Muchova WWWWW / Emma Navarro LWLWW | Elo 1618 v 1536; model wt 16%,,,,,,,,,,,,,,,L,,,,,0
2026-09-04,13:29,wta,KXWTAMATCH-26SEP04PAOCIR,Jasmine Paolini vs Sorana Cirstea,Sorana Cirstea,neutral,LEAN,0.47,0.595,0.615,-0.02,0.62,0.0,1556.2,1576.9,0.28,form Sorana Cirstea WWLWW / Jasmine Paolini WWLWW | Elo 1556 v 1577; model wt 14%,,,,,,,,,,,,,,,W,,,,,0
2026-09-04,13:29,wta,KXWTAMATCH-26SEP04PEGFER,Jessica Pegula vs Leylah Fernandez,Jessica Pegula,neutral,LEAN,0.677,0.808,0.837,-0.029,0.85,0.0,1653.0,1524.8,0.36,form Leylah Fernandez WLLWW / Jessica Pegula WWLWW | Elo 1525 v 1653; model wt 18%,,,,,,,,,,,,,,,W,,,,,0
2026-09-04,13:29,wta,KXWTAMATCH-26SEP04TOWSHN,Taylor Townsend vs Diana Shnaider,Diana Shnaider,neutral,LEAN,0.582,0.601,0.605,-0.004,0.61,0.0,1594.5,1536.9,0.32,form Diana Shnaider WWLWW / Taylor Townsend LWLWW | Elo 1595 v 1537; model wt 16%,,,,,,,,,,,,,,,L,,,,,0
2026-09-04,13:29,ncaaf,KXNCAAFGAME-26SEP04FPUMRST,Franklin Pierce Ravens @ Marist,Marist,home,LEAN,0.569,0.587,0.587,0.0,0.6,0.0,1488.0,1500.0,0.0,form Marist L / Franklin Pierce Ravens - | Elo 1488 v 1500; model wt 0%,,,,,,,,,,,,,,,W,,,,,0
2026-09-04,13:29,ncaaf,KXNCAAFGAME-26SEP04MIASTAN,Miami (FL) @ Stanford,Miami (FL),away,LEAN,0.398,0.935,0.935,0.0,0.94,0.0,1500.0,1512.0,0.0,form Stanford W / Miami (FL) - | Elo 1512 v 1500; model wt 0%,,,,,,,,,,,,,,,W,,,,,0
2026-09-04,13:30,ncaaf,KXNCAAFGAME-26SEP04FRESUSC,Fresno St. @ USC,USC,home,LEAN,0.602,0.925,0.925,0.0,0.93,0.0,1512.0,1500.0,0.0,form USC W / Fresno St. - | @ Los Angeles Memorial Coliseum | wx 64°F wind 4mph | Elo 1512 v 1500; model wt 0%,,,,,,,,,,,,,,,W,,,,,0
2026-09-04,13:30,ncaaf,KXNCAAFGAME-26SEP04TOLMSU,Toledo @ Michigan St.,Michigan St.,home,LEAN,0.585,0.775,0.775,0.0,0.78,0.0,1500.0,1500.0,0.0,@ Spartan Stadium | wx 69°F wind 9mph precip | Elo 1500 v 1500; model wt 0%,,,,,,,,,,,,,,,W,,,,,0
2026-09-04,13:30,ncaaf,KXNCAAFGAME-26SEP04NCATGAST,North Carolina A&T @ Georgia St.,Georgia St.,home,LEAN,0.602,0.95,0.95,0.0,0.96,0.0,1500.0,1488.0,0.0,form Georgia St. - / North Carolina A&T L | @ Center Parc Stadium | wx 81°F wind 0mph | Elo 1500 v 1488; model wt 0%,,,,,,,,,,,,,,,W,,,,,0
2026-09-04,13:30,ncaaf,KXNCAAFGAME-26SEP04INSTPUR,Indiana St. @ Purdue,Purdue,home,LEAN,0.602,0.985,0.985,0.0,0.99,0.0,1500.0,1488.0,0.0,form Purdue - / Indiana St. L | @ Ross-Ade Stadium | wx 80°F wind 6mph | Elo 1500 v 1488; model wt 0%,,,,,,,,,,,,,,,W,,,,,0
2026-09-04,13:30,ncaaf,KXNCAAFGAME-26SEP04SJSUEMU,San Jose St. @ Eastern Michigan,Eastern Michigan,home,LEAN,0.619,0.576,0.575,0.001,0.58,0.0,1512.0,1488.0,0.04,form Eastern Michigan W / San Jose St. L | Elo 1512 v 1488; model wt 2%,,,,,,,,,,,,,,,L,,,,,0
2026-09-04,13:30,mlb,KXMLBGAME-26SEP042210WSHLAD,Washington @ Los Angeles D,Washington,away,EDGE,0.408,0.331,0.255,0.076,0.26,0.24,1465.0,1505.9,1.0,form Los Angeles D LWLLW / Washington WLWWL | @ Dodger Stadium | wx 64°F wind 4mph | Elo 1506 v 1465; model wt 50%,,,,,,,,,,,,,,,L,,,,,-0.24
2026-09-04,13:30,mlb,KXMLBGAME-26SEP042210ATHSEA,A's @ Seattle,Seattle,home,LEAN,0.615,0.64,0.665,-0.025,0.67,0.0,1479.5,1421.8,1.0,form Seattle LLWWL / A's LLLWW | H2H Seattle 0-1 | Elo 1479 v 1422; model wt 50%,,,,,,,,,,,,,,,L,,,,,0
2026-09-04,13:30,mlb,KXMLBGAME-26SEP042140NYYSD,New York Y @ San Diego,New York Y,away,LEAN,0.497,0.524,0.551,-0.027,0.55,0.0,1532.5,1510.8,1.0,form San Diego LLWLL / New York Y WWLWW | @ Petco Park | wx 67°F wind 1mph | Elo 1511 v 1532; model wt 50%,,,,,,,,,,,,,,,L,,,,,0
2026-09-04,13:30,mlb,KXMLBGAME-26SEP042040STLCOL,St. Louis @ Colorado,St. Louis,away,LEAN,0.516,0.53,0.545,-0.015,0.55,0.0,1482.2,1447.1,1.0,form Colorado LLLWW / St. Louis LLWWL | H2H Colorado 1-2 | @ Coors Field | Elo 1447 v 1482; model wt 50%,,,,,,,,,,,,,,,W,,,,,0
2026-09-04,13:30,mlb,KXMLBGAME-26SEP042005TBTEX,Tampa Bay @ Texas,Tampa Bay,away,LEAN,0.532,0.524,0.515,0.009,0.52,0.0,1535.0,1488.4,1.0,form Texas WWWLW / Tampa Bay WLWLL | H2H Texas 2-2 | @ Globe Life Field | Elo 1488 v 1535; model wt 50%,,,,,,,,,,,,,,,W,,,,,0
2026-09-04,13:30,mlb,KXMLBGAME-26SEP042010AZHOU,Arizona @ Houston,Houston,home,LEAN,0.523,0.536,0.55,-0.013,0.56,0.0,1515.9,1523.6,1.0,form Houston WWLWW / Arizona WLLLW | @ Daikin Park | Elo 1516 v 1524; model wt 50%,,,,,,,,,,,,,,,W,,,,,0
2026-09-04,13:30,mlb,KXMLBGAME-26SEP042010TORKC,Toronto @ Kansas City,Kansas City,home,LEAN,0.5,0.51,0.52,-0.01,0.52,0.0,1506.2,1529.9,1.0,form Kansas City WLLLW / Toronto WWLWW | H2H Kansas City 2-1 | @ Kauffman Stadium | Elo 1506 v 1530; model wt 50%,,,,,,,,,,,,,,,L,,,,,0
2026-09-04,13:30,mlb,KXMLBGAME-26SEP041940MINCWS,Minnesota @ Chicago WS,Chicago WS,home,LEAN,0.567,0.542,0.518,0.025,0.52,0.0,1510.0,1487.2,1.0,form Chicago WS LLWLL / Minnesota LWWWL | H2H Chicago WS 2-1 | Elo 1510 v 1487; model wt 50%,,,,,,,,,,,,,,,W,,,,,0
2026-09-04,13:30,mlb,KXMLBGAME-26SEP041915DETCLEG2,Detroit @ Cleveland,Cleveland,home,LEAN,0.536,0.55,0.565,-0.015,0.57,0.0,1491.0,1490.2,1.0,form Cleveland LWWLL / Detroit WLLLW | H2H Cleveland 1-2 | @ Progressive Field | Elo 1491 v 1490; model wt 50%,,,,,,,,,,,,,,,W,,,,,0
2026-09-04,13:30,mlb,KXMLBGAME-26SEP041910CHCMIA,Chicago C @ Miami,Chicago C,away,LEAN,0.519,0.547,0.575,-0.028,0.58,0.0,1523.9,1486.5,1.0,form Miami WLWWL / Chicago C LWLLW | @ loanDepot park | Elo 1487 v 1524; model wt 50%,,,,,,,,,,,,,,,W,,,,,0
2026-09-04,13:31,mlb,KXMLBGAME-26SEP041905BOSBAL,Boston @ Baltimore,Boston,away,LEAN,0.532,0.526,0.52,0.006,0.52,0.0,1555.9,1509.3,1.0,form Baltimore WWLLL / Boston LWLLW | H2H Baltimore 1-3 | @ Oriole Park at Camden Yards | Elo 1509 v 1556; model wt 50%,,,,,,,,,,,,,,,W,,,,,0
2026-09-04,13:31,mlb,KXMLBGAME-26SEP041910SFNYM,San Francisco @ New York M,New York M,home,LEAN,0.602,0.619,0.635,-0.016,0.64,0.0,1509.0,1461.0,1.0,form New York M WLWLW / San Francisco WWLWL | @ Citi Field | Elo 1509 v 1461; model wt 50%,,,,,,,,,,,,,,,W,,,,,0
2026-09-04,13:31,mlb,KXMLBGAME-26SEP041845LAAPIT,Los Angeles A @ Pittsburgh,Pittsburgh,home,LEAN,0.625,0.63,0.635,-0.005,0.64,0.0,1494.7,1430.0,1.0,form Pittsburgh WWWLW / Los Angeles A LLWLL | @ PNC Park | Elo 1495 v 1430; model wt 50%,,,,,,,,,,,,,,,W,,,,,0
2026-09-04,13:31,mlb,KXMLBGAME-26SEP041840ATLPHI,Atlanta @ Philadelphia,Philadelphia,home,LEAN,0.534,0.525,0.515,0.01,0.52,0.0,1535.0,1535.1,1.0,form Philadelphia WWWWL / Atlanta WWLLW | @ Citizens Bank Park | Elo 1535 v 1535; model wt 50%,,,,,,,,,,,,,,,L,,,,,0
2026-09-04,13:32,mlb,KXMLBGAME-26SEP041810MILCIN,Milwaukee @ Cincinnati,Milwaukee,away,LEAN,0.538,0.566,0.595,-0.029,0.6,0.0,1543.8,1493.5,1.0,form Cincinnati LWLWW / Milwaukee LLWWL | H2H Cincinnati 1-3 | @ Great American Ball Park | Elo 1494 v 1544; model wt 50%,,,,,,,,,,,,,,,W,,,,,0
2026-09-04,13:32,mlb,KXMLBGAME-26SEP041410DETCLEG1,Detroit @ Cleveland,Cleveland,home,LEAN,0.536,0.543,0.55,-0.007,0.56,0.0,1491.0,1490.2,1.0,form Cleveland LWWLL / Detroit WLLLW | H2H Cleveland 1-2 | @ Progressive Field | Elo 1491 v 1490; model wt 50%,,,,,,,,,,,,,,,W,,,,,0
2026-09-04,13:32,epl,KXEPLGAME-26SEP04IPSLFC,Liverpool @ Ipswich Town,Liverpool,away,LEAN,0.481,0.642,0.648,-0.007,0.65,0.0,1499.7,1499.3,0.08,form Liverpool DD / Ipswich Town WL | @ Portman Road | Elo 1500 v 1499; model wt 4%,,,,,,,,,,,,,,,W,,,,,0
2026-09-04,13:32,laliga,KXLALIGAGAME-26SEP04RBBRMA,Real Madrid @ Real Betis,Real Madrid,away,LEAN,0.522,0.672,0.682,-0.01,0.69,0.0,1531.6,1509.6,0.12,form Real Madrid WWW / Real Betis WWL | @ Estadio La Cartuja | Elo 1532 v 1510; model wt 6%,,,,,,,,,,,,,,,L,,,,,0
2026-09-04,13:32,ligue1,KXLIGUE1GAME-26SEP04PSGASM,Monaco @ PSG,PSG,home,LEAN,0.32,0.705,0.721,-0.016,0.73,0.0,1500.3,1522.0,0.08,form Monaco WW / PSG DD | rest Monaco 5d / PSG 7d | Elo 1522 v 1500; model wt 4%,,,,,,,,,,,,,,,L,,,,,0
2026-09-04,13:32,ligue1,KXLIGUE1GAME-26SEP04OLAUX,Auxerre @ Lyon,Lyon,home,LEAN,0.37,0.669,0.682,-0.012,0.69,0.0,1510.3,1478.0,0.08,form Auxerre LL / Lyon WD | @ Groupama Stadium | Elo 1478 v 1510; model wt 4%,,,,,,,,,,,,,,,W,,,,,0
2026-09-04,13:32,seriea,KXSERIEAGAME-26SEP04GENCOM,Como @ Genoa,Como,away,LEAN,0.487,0.55,0.552,-0.003,0.56,0.0,1511.3,1478.7,0.08,form Como DW / Genoa LL | @ Stadio Luigi Ferraris | Elo 1511 v 1479; model wt 4%,,,,,,,,,,,,,,,W,,,,,0
2026-09-04,13:32,bundesliga,KXBUNDESLIGAGAME-26SEP04VFBKOE,FC Köln @ Stuttgart,Stuttgart,home,LEAN,0.295,0.648,0.655,-0.007,0.67,0.0,1489.0,1511.0,0.04,form FC Köln W / Stuttgart L | Elo 1511 v 1489; model wt 2%,,,,,,,,,,,,,,,W,,,,,0
2026-09-04,13:32,mls,KXMLSGAME-26SEP04NYCNSH,Nashville @ New York City,Nashville,away,LEAN,0.508,0.407,0.391,0.016,0.39,0.0,1551.0,1499.1,0.28,form Nashville DWWWW / New York City DLLDD | @ Yankee Stadium | Elo 1551 v 1499; model wt 14%,,,,,,,,,,,,,,,L,,,,,0
2026-09-04,13:32,cpl,KXCPLMATCH-26SEP041900JAMGAW,Jamaica Kingsmen @ Guyana Amazon Warriors,Guyana Amazon Warriors,home,LEAN,0.591,0.611,0.613,-0.002,0.63,0.0,1551.1,1504.3,0.16,form Guyana Amazon Warriors WWWW / Jamaica Kingsmen WWLWW | rest Guyana Amazon Warriors 4d / Jamaica Kingsmen 6d | H2H Guyana Amazon Warriors 1-0 | Elo 1551 v 1504; model wt 8%,,,,,,,,,,,,,,,W,,,,,0
2026-09-05,12:29,atp,KXATPMATCH-26SEP05ZVETAB,Alexander Zverev vs Alejandro Tabilo,Alejandro Tabilo,neutral,EDGE,0.388,0.219,0.165,0.054,0.17,0.15,1534.8,1613.6,0.48,form Alejandro Tabilo LWLWW / Alexander Zverev WWLWW | Elo 1535 v 1614; model wt 24%,,,,1 injury/lineup headline(s) in last 7d,0,,,,,,,,,,L,,,,,-0.15
2026-09-05,12:29,atp,KXATPMATCH-26SEP05BERVAN,Zizou Bergs vs Botic Van de Zandschulp,Botic Van de Zandschulp,neutral,LEAN,0.558,0.638,0.655,-0.017,0.66,0.0,1563.2,1522.8,0.36,form Botic Van de Zandschulp WWLWW / Zizou Bergs WLLWW | Elo 1563 v 1523; model wt 18%,,,,0 injury/lineup headline(s) in last 7d,0,,,,,,,,,,W,,,,,0
2026-09-05,12:29,atp,KXATPMATCH-26SEP05ZHEGEA,Michael Zheng vs Arthur Gea,Michael Zheng,neutral,LEAN,0.456,0.558,0.583,-0.025,0.6,0.0,1579.7,1610.4,0.4,form Arthur Gea WWLWW / Michael Zheng WWLWW | H2H Arthur Gea 1-0 | Elo 1610 v 1580; model wt 20%,,,,2 injury/lineup headline(s) in last 7d,0,,,,,,,,,,L,,,,,0
2026-09-05,12:29,atp,KXATPMATCH-26SEP05KHABON,Karen Khachanov vs Benjamin Bonzi,Karen Khachanov,neutral,LEAN,0.425,0.618,0.655,-0.037,0.66,0.0,1504.8,1557.2,0.32,form Benjamin Bonzi WWLWW / Karen Khachanov LLLWW | Elo 1557 v 1505; model wt 16%,,,,0 injury/lineup headline(s) in last 7d,0,,,,,,,,,,W,,,,,0
2026-09-05,12:29,atp,KXATPMATCH-26SEP05BLOCOB,Alexander Blockx vs Flavio Cobolli,Flavio Cobolli,neutral,LEAN,0.59,0.52,0.5,0.02,0.51,0.0,1592.5,1529.2,0.44,form Flavio Cobolli WWLWW / Alexander Blockx LWLWW | H2H Flavio Cobolli 1-0 | Elo 1592 v 1529; model wt 22%,,,,1 injury/lineup headline(s) in last 7d,0,,,,,,,,,,L,,,,,0
2026-09-05,12:29,atp,KXATPMATCH-26SEP05DARSWE,Luciano Darderi vs Dane Sweeny,Luciano Darderi,neutral,LEAN,0.595,0.748,0.765,-0.017,0.77,0.0,1558.7,1492.2,0.2,form Dane Sweeny LLLWW / Luciano Darderi LWLWW | Elo 1492 v 1559; model wt 10%,,,,1 injury/lineup headline(s) in last 7d,0,,,,,,,,,,W,,,,,0
2026-09-05,12:29,atp,KXATPMATCH-26SEP05FRICER,Taylor Fritz vs Francisco Cerundolo,Taylor Fritz,neutral,LEAN,0.699,0.833,0.855,-0.022,0.86,0.0,1642.7,1496.2,0.28,form Francisco Cerundolo LLLWW / Taylor Fritz WWLWW | Elo 1496 v 1643; model wt 14%,,,,0 injury/lineup headline(s) in last 7d,0,,,,,,,,,,L,,,,,0
2026-09-05,12:29,wta,KXWTAMATCH-26SEP05STARYB,Yuliia Starodubtseva vs Elena Rybakina,Yuliia Starodubtseva,neutral,EDGE,0.327,0.144,0.104,0.04,0.11,0.1,1505.7,1631.2,0.36,form Elena Rybakina WWLWW / Yuliia Starodubtseva WWLWW | Elo 1631 v 1506; model wt 18%,,,,3 injury/lineup headline(s) in last 7d,0,,,,,,,,,,L,,,,,-0.1
2026-09-05,12:29,wta,KXWTAMATCH-26SEP05BUCGAU,Cristina Bucsa vs Coco Gauff,Coco Gauff,neutral,LEAN,0.739,0.92,0.955,-0.035,0.96,0.0,1694.9,1514.4,0.32,form Coco Gauff WWWWW / Cristina Bucsa LWLWW | Elo 1695 v 1514; model wt 16%,,,,1 injury/lineup headline(s) in last 7d,0,,,,,,,,,,W,,,,,0
2026-09-05,12:29,wta,KXWTAMATCH-26SEP05JOVEAL,Iva Jovic vs Alexandra Eala,Iva Jovic,neutral,LEAN,0.407,0.501,0.525,-0.024,0.53,0.0,1562.3,1627.9,0.4,form Alexandra Eala LWLWW / Iva Jovic LWLWW | Elo 1628 v 1562; model wt 20%,,,,3 injury/lineup headline(s) in last 7d,0,,,,,,,,,,W,,,,,0
2026-09-05,12:29,wta,KXWTAMATCH-26SEP05ANDBAR,Mirra Andreeva vs Nikola Bartunkova,Nikola Bartunkova,neutral,EDGE,0.544,0.266,0.205,0.061,0.21,0.18,1578.9,1548.5,0.36,form Nikola Bartunkova WWLWW / Mirra Andreeva WWLWW | Elo 1579 v 1549; model wt 18%,,,,1 injury/lineup headline(s) in last 7d,0,,,,,,,,,,L,,,,,-0.18
2026-09-05,12:29,wta,KXWTAMATCH-26SEP05KEYZHE,Madison Keys vs Qinwen Zheng,Madison Keys,neutral,LEAN,0.526,0.586,0.603,-0.017,0.62,0.0,1581.8,1563.5,0.44,form Qinwen Zheng WWWWW / Madison Keys WWLWW | Elo 1563 v 1582; model wt 22%,,,,2 injury/lineup headline(s) in last 7d,0,,,,,,,,,,L,,,,,0
2026-09-05,12:29,ncaaf,KXNCAAFGAME-26SEP05CWUCP,Central Washington Wildcats @ Cal Poly,Cal Poly,home,LEAN,0.602,0.833,0.833,0.0,0.83,0.0,1512.0,1500.0,0.0,form Cal Poly W / Central Washington Wildcats - | Elo 1512 v 1500; model wt 0%,,,,0 injury/lineup headline(s) in last 7d,0,,,,,,,,,,W,,,,,0
2026-09-05,12:29,ncaaf,KXNCAAFGAME-26SEP05TWUMCNS,Texas Wesleyan Rams @ McNeese,McNeese,home,LEAN,0.569,0.946,0.946,0.0,0.96,0.0,1488.0,1500.0,0.0,form McNeese L / Texas Wesleyan Rams - | Elo 1488 v 1500; model wt 0%,,,,0 injury/lineup headline(s) in last 7d,0,,,,,,,,,,W,,,,,0
2026-09-05,12:29,ncaaf,KXNCAAFGAME-26SEP05EWCJKST,Edward Waters Tigers @ Jackson St.,Jackson St.,home,LEAN,0.602,0.955,0.955,0.0,0.96,0.0,1512.0,1500.0,0.0,form Jackson St. W / Edward Waters Tigers - | Elo 1512 v 1500; model wt 0%,,,,0 injury/lineup headline(s) in last 7d,0,,,,,,,,,,W,,,,,0
2026-09-05,12:29,ncaaf,KXNCAAFGAME-26SEP05MILESAAMU,Miles Golden Bears @ Alabama A&M,Alabama A&M,home,LEAN,0.585,0.859,0.865,-0.006,0.87,0.0,1488.0,1488.0,0.04,form Alabama A&M L / Miles Golden Bears L | Elo 1488 v 1488; model wt 2%,,,,1 injury/lineup headline(s) in last 7d,0,,,,,,,,,,W,,,,,0
2026-09-05,12:29,ncaaf,KXNCAAFGAME-26SEP05KSUSOU,Kentucky State Thorobreds @ Southern University,Southern University,home,LEAN,0.569,0.522,0.522,0.0,0.55,0.0,1488.0,1500.0,0.0,form Southern University L / Kentucky State Thorobreds - | Elo 1488 v 1500; model wt 0%,,,,0 injury/lineup headline(s) in last 7d,0,,,,,,,,,,W,,,,,0
2026-09-05,12:29,ncaaf,KXNCAAFGAME-26SEP05CHSUTM,Chicago State Cougars @ Tennessee-Martin,Tennessee-Martin,home,LEAN,0.569,0.955,0.955,0.0,0.96,0.0,1488.0,1500.0,0.0,form Tennessee-Martin L / Chicago State Cougars - | Elo 1488 v 1500; model wt 0%,,,,0 injury/lineup headline(s) in last 7d,0,,,,,,,,,,W,,,,,0
2026-09-05,12:29,ncaaf,KXNCAAFGAME-26SEP05UWFLCARK,West Florida Argonauts @ Central Arkansas,Central Arkansas,home,LEAN,0.585,0.723,0.726,-0.003,0.72,0.0,1512.0,1512.0,0.04,form Central Arkansas W / West Florida Argonauts W | Elo 1512 v 1512; model wt 2%,,,,0 injury/lineup headline(s) in last 7d,0,,,,,,,,,,L,,,,,0
2026-09-05,12:29,ncaaf,KXNCAAFGAME-26SEP05CSUGRAM,Central State (OH) Marauders @ Grambling St.,Grambling St.,home,LEAN,0.602,0.93,0.93,0.0,0.95,0.0,1512.0,1500.0,0.0,form Grambling St. W / Central State (OH) Marauders - | Elo 1512 v 1500; model wt 0%,,,,0 injury/lineup headline(s) in last 7d,0,,,,,,,,,,W,,,,,0
2026-09-05,12:29,ncaaf,KXNCAAFGAME-26SEP05LCALST,Lane Dragons @ Alabama St.,Alabama St.,home,LEAN,0.602,0.965,0.965,0.0,0.98,0.0,1512.0,1500.0,0.0,form Alabama St. W / Lane Dragons - | Elo 1512 v 1500; model wt 0%,,,,0 injury/lineup headline(s) in last 7d,0,,,,,,,,,,W,,,,,0
2026-09-05,12:29,ncaaf,KXNCAAFGAME-26SEP05ECSUNCCU,Elizabeth City State Vikings @ North Carolina Central,North Carolina Central,home,LEAN,0.569,0.955,0.955,0.0,0.97,0.0,1488.0,1500.0,0.0,form North Carolina Central L / Elizabeth City State Vikings - | Elo 1488 v 1500; model wt 0%,,,,1 injury/lineup headline(s) in last 7d,0,,,,,,,,,,W,,,,,0
2026-09-05,12:29,ncaaf,KXNCAAFGAME-26SEP05WVSURMU,West Virginia State Yellow Jackets @ Robert Morris,Robert Morris,home,LEAN,0.602,0.86,0.86,0.0,0.87,0.0,1512.0,1500.0,0.0,form Robert Morris W / West Virginia State Yellow Jackets - | Elo 1512 v 1500; model wt 0%,,,,0 injury/lineup headline(s) in last 7d,0,,,,,,,,,,W,,,,,0
2026-09-05,12:29,ncaaf,KXNCAAFGAME-26SEP05TCETSU,Tusculum Pioneers @ East Tennessee St.,East Tennessee St.,home,LEAN,0.569,0.945,0.945,0.0,0.95,0.0,1488.0,1500.0,0.0,form East Tennessee St. L / Tusculum Pioneers - | Elo 1488 v 1500; model wt 0%,,,,0 injury/lineup headline(s) in last 7d,0,,,,,,,,,,W,,,,,0
2026-09-05,12:29,ncaaf,KXNCAAFGAME-26SEP05SCSUWAG,Southern Connecticut State Owls @ Wagner,Wagner,home,LEAN,0.569,0.687,0.687,0.0,0.7,0.0,1488.0,1500.0,0.0,form Wagner L / Southern Connecticut State Owls - | Elo 1488 v 1500; model wt 0%,,,,0 injury/lineup headline(s) in last 7d,0,,,,,,,,,,W,,,,,0
2026-09-05,12:29,ncaaf,KXNCAAFGAME-26SEP05WEBSTET,Webber International Warriors @ Stetson,Stetson,home,LEAN,0.569,0.714,0.714,0.0,0.72,0.0,1488.0,1500.0,0.0,form Stetson L / Webber International Warriors - | Elo 1488 v 1500; model wt 0%,,,,0 injury/lineup headline(s) in last 7d,0,,,,,,,,,,W,,,,,0
2026-09-05,12:29,ncaaf,KXNCAAFGAME-26SEP05MVSUSAC,Mississippi Valley St. @ Sacramento St.,Sacramento St.,home,LEAN,0.574,0.977,0.985,-0.008,0.99,0.0,1488.0,1488.0,0.04,form Sacramento St. L / Mississippi Valley St. L | rest Sacramento St. 7d / Mississippi Valley St. 9d | @ Hornet Stadium | wx 52°F wind 4mph | Elo 1488 v 1488; model wt 2%,,,,0 injury/lineup headline(s) in last 7d,0,,,,,,,,,,W,,,,,0
2026-09-05,12:29,ncaaf,KXNCAAFGAME-26SEP05UCDUSD,UC Davis @ San Diego,UC Davis,away,LEAN,0.431,0.849,0.849,0.0,0.85,0.0,1512.0,1500.0,0.0,form San Diego - / UC Davis W | Elo 1500 v 1512; model wt 0%,,,,1 injury/lineup headline(s) in last 7d,0,,,,,,,,,,W,,,,,0
2026-09-05,12:29,ncaaf,KXNCAAFGAME-26SEP05BUTMTST,Butler @ Montana St.,Montana St.,home,LEAN,0.585,0.977,0.985,-0.008,0.99,0.0,1512.0,1512.0,0.04,form Montana St. W / Butler W | Elo 1512 v 1512; model wt 2%,,,,0 injury/lineup headline(s) in last 7d,0,,,,,,,,,,W,,,,,0
2026-09-05,12:29,ncaaf,KXNCAAFGAME-26SEP05WEBSUU,Weber St. @ Southern Utah,Southern Utah,home,LEAN,0.552,0.849,0.855,-0.006,0.86,0.0,1488.0,1512.0,0.04,form Southern Utah L / Weber St. W | Elo 1488 v 1512; model wt 2%,,,,1 injury/lineup headline(s) in last 7d,0,,,,,,,,,,W,,,,,0
2026-09-05,12:29,ncaaf,KXNCAAFGAME-26SEP05SDAKUNCO,South Dakota @ Northern Colorado,South Dakota,away,LEAN,0.448,0.925,0.934,-0.01,0.93,0.0,1512.0,1488.0,0.04,form Northern Colorado L / South Dakota W | Elo 1488 v 1512; model wt 2%,,,,2 injury/lineup headline(s) in last 7d,0,,,,,,,,,,W,,,,,0
2026-09-05,12:29,ncaaf,KXNCAAFGAME-26SEP05ETAMSFA,East Texas A&M @ Stephen F. Austin,Stephen F. Austin,home,LEAN,0.619,0.919,0.925,-0.006,0.93,0.0,1512.0,1488.0,0.04,form Stephen F. Austin W / East Texas A&M L | Elo 1512 v 1488; model wt 2%,,,,0 injury/lineup headline(s) in last 7d,0,,,,,,,,,,W,,,,,0
2026-09-05,12:29,ncaaf,KXNCAAFGAME-26SEP05ILSTWIU,Illinois St. @ Western Illinois,Illinois St.,away,LEAN,0.403,0.934,0.945,-0.011,0.95,0.0,1512.0,1512.0,0.04,form Western Illinois W / Illinois St. W | rest Western Illinois 9d / Illinois St. 7d | Elo 1512 v 1512; model wt 2%,,,,3 injury/lineup headline(s) in last 7d,0,,,,,,,,,,W,,,,,0
2026-09-05,12:29,ncaaf,KXNCAAFGAME-26SEP05UNIEWU,Northern Iowa @ Eastern Washington,Eastern Washington,home,LEAN,0.569,0.7,0.7,0.0,0.71,0.0,1488.0,1500.0,0.0,form Eastern Washington L / Northern Iowa - | Elo 1488 v 1500; model wt 0%,,,,1 injury/lineup headline(s) in last 7d,0,,,,,,,,,,W,,,,,0
2026-09-05,12:29,ncaaf,KXNCAAFGAME-26SEP05ELONDAV,Elon @ Davidson,Elon,away,LEAN,0.448,0.955,0.965,-0.01,0.97,0.0,1512.0,1488.0,0.04,form Davidson L / Elon W | Elo 1488 v 1512; model wt 2%,,,,0 injury/lineup headline(s) in last 7d,0,,,,,,,,,,W,,,,,0
2026-09-05,12:29,ncaaf,KXNCAAFGAME-26SEP05TNTCCHAT,Tennessee Tech @ Chattanooga,Tennessee Tech,away,LEAN,0.403,0.801,0.809,-0.008,0.81,0.0,1512.0,1512.0,0.04,form Chattanooga W / Tennessee Tech W | rest Chattanooga 9d / Tennessee Tech 7d | Elo 1512 v 1512; model wt 2%,,,,0 injury/lineup headline(s) in last 7d,0,,,,,,,,,,W,,,,,0
2026-09-05,12:29,ncaaf,KXNCAAFGAME-26SEP05VILLBUCK,Villanova @ Bucknell,Villanova,away,LEAN,0.415,0.944,0.955,-0.011,0.96,0.0,1488.0,1488.0,0.04,form Bucknell L / Villanova L | Elo 1488 v 1488; model wt 2%,,,,0 injury/lineup headline(s) in last 7d,0,,,,,,,,,,W,,,,,0
2026-09-05,12:29,ncaaf,KXNCAAFGAME-26SEP05RICHHOW,Richmond @ Howard,Richmond,away,LEAN,0.415,0.846,0.855,-0.009,0.86,0.0,1512.0,1512.0,0.04,form Howard W / Richmond W | Elo 1512 v 1512; model wt 2%,,,,0 injury/lineup headline(s) in last 7d,0,,,,,,,,,,W,,,,,0
2026-09-05,12:29,ncaaf,KXNCAAFGAME-26SEP05PREMER,Presbyterian @ Mercer,Mercer,home,LEAN,0.574,0.898,0.905,-0.007,0.91,0.0,1512.0,1512.0,0.04,form Mercer W / Presbyterian W | rest Mercer 7d / Presbyterian 9d | Elo 1512 v 1512; model wt 2%,,,,1 injury/lineup headline(s) in last 7d,0,,,,,,,,,,W,,,,,0
2026-09-05,12:29,ncaaf,KXNCAAFGAME-26SEP05DSUWM,Delaware St. @ William & Mary,William & Mary,home,LEAN,0.585,0.76,0.764,-0.004,0.77,0.0,1512.0,1512.0,0.04,form William & Mary W / Delaware St. W | Elo 1512 v 1512; model wt 2%,,,,0 injury/lineup headline(s) in last 7d,0,,,,,,,,,,W,,,,,0
2026-09-05,12:29,ncaaf,KXNCAAFGAME-26SEP05USTUND,St. Thomas @ North Dakota,North Dakota,home,LEAN,0.585,0.938,0.945,-0.007,0.95,0.0,1512.0,1512.0,0.04,form North Dakota W / St. Thomas W | Elo 1512 v 1512; model wt 2%,,,,0 injury/lineup headline(s) in last 7d,0,,,,,,,,,,W,,,,,0
2026-09-05,12:29,ncaaf,KXNCAAFGAME-26SEP05WCUCAMP,Western Carolina @ Campbell,Western Carolina,away,LEAN,0.415,0.611,0.615,-0.004,0.62,0.0,1512.0,1512.0,0.04,form Campbell W / Western Carolina W | Elo 1512 v 1512; model wt 2%,,,,0 injury/lineup headline(s) in last 7d,0,,,,,,,,,,L,,,,,0
2026-09-05,12:29,ncaaf,KXNCAAFGAME-26SEP05DRKEMONT,Drake @ Montana,Montana,home,LEAN,0.608,0.968,0.975,-0.007,0.98,0.0,1512.0,1488.0,0.04,form Montana W / Drake L | rest Montana 7d / Drake 9d | Elo 1512 v 1488; model wt 2%,,,,0 injury/lineup headline(s) in last 7d,0,,,,,,,,,,W,,,,,0
2026-09-05,12:29,ncaaf,KXNCAAFGAME-26SEP05SHUMONM,Sacred Heart @ Monmouth,Monmouth,home,LEAN,0.569,0.835,0.835,0.0,0.84,0.0,1488.0,1500.0,0.0,form Monmouth L / Sacred Heart - | Elo 1488 v 1500; model wt 0%,,,,0 injury/lineup headline(s) in last 7d,0,,,,,,,,,,W,,,,,0
2026-09-05,12:29,ncaaf,KXNCAAFGAME-26SEP05WEBBWOF,Gardner-Webb @ Wofford,Wofford,home,LEAN,0.608,0.711,0.714,-0.002,0.72,0.0,1512.0,1488.0,0.04,form Wofford W / Gardner-Webb L | rest Wofford 7d / Gardner-Webb 9d | Elo 1512 v 1488; model wt 2%,,,,3 injury/lineup headline(s) in last 7d,0,,,,,,,,,,W,,,,,0
2026-09-05,12:29,ncaaf,KXNCAAFGAME-26SEP05HCCOLG,Holy Cross @ Colgate,Colgate,home,LEAN,0.619,0.625,0.625,-0.0,0.63,0.0,1512.0,1488.0,0.04,form Colgate W / Holy Cross L | Elo 1512 v 1488; model wt 2%,,,,0 injury/lineup headline(s) in last 7d,0,,,,,,,,,,W,,,,,0
2026-09-05,12:29,ncaaf,KXNCAAFGAME-26SEP05LEHGTWN,Lehigh @ Georgetown,Lehigh,away,LEAN,0.431,0.924,0.924,0.0,0.92,0.0,1512.0,1500.0,0.0,form Georgetown - / Lehigh W | Elo 1500 v 1512; model wt 0%,,,,2 injury/lineup headline(s) in last 7d,0,,,,,,,,,,W,,,,,0
2026-09-05,12:29,ncaaf,KXNCAAFGAME-26SEP05STNHNHC,Stonehill @ New Haven,New Haven,home,LEAN,0.619,0.712,0.714,-0.002,0.72,0.0,1512.0,1488.0,0.04,form New Haven W / Stonehill L | Elo 1512 v 1488; model wt 2%,,,,0 injury/lineup headline(s) in last 7d,0,,,,,,,,,,L,,,,,0
2026-09-05,12:30,ncaaf,KXNCAAFGAME-26SEP05UCLACAL,UCLA @ California,UCLA,away,LEAN,0.415,0.555,0.555,0.0,0.56,0.0,1500.0,1500.0,0.0,@ California Memorial Stadium | Elo 1500 v 1500; model wt 0%,,,,0 injury/lineup headline(s) in last 7d,0,,,,,,,,,,W,,,,,0
2026-09-05,12:30,ncaaf,KXNCAAFGAME-26SEP05WKUNEV,Western Kentucky @ Nevada,Western Kentucky,away,LEAN,0.415,0.505,0.505,0.0,0.51,0.0,1500.0,1500.0,0.0,@ Mackay Stadium | wx 48°F wind 1mph | Elo 1500 v 1500; model wt 0%,,,,0 injury/lineup headline(s) in last 7d,0,,,,,,,,,,L,,,,,0
2026-09-05,12:30,ncaaf,KXNCAAFGAME-26SEP05CMUUNM,Central Michigan @ New Mexico,New Mexico,home,LEAN,0.585,0.795,0.795,0.0,0.8,0.0,1500.0,1500.0,0.0,@ University Stadium (NM) | wx 66°F wind 4mph | Elo 1500 v 1500; model wt 0%,,,,0 injury/lineup headline(s) in last 7d,0,,,,,,,,,,W,,,,,0
2026-09-05,12:30,ncaaf,KXNCAAFGAME-26SEP05UNLVHAW,UNLV @ Hawai'i,UNLV,away,LEAN,0.415,0.562,0.565,-0.003,0.57,0.0,1488.0,1488.0,0.04,form Hawai'i L / UNLV L | @ Clarence T.C. Ching Athletics Complex | wx 74°F wind 9mph | Elo 1488 v 1488; model wt 2%,,,,1 injury/lineup headline(s) in last 7d,0,,,,,,,,,,W,,,,,0
2026-09-05,12:30,ncaaf,KXNCAAFGAME-26SEP05PRSTSDSU,Portland St. @ San Diego St.,San Diego St.,home,LEAN,0.602,0.985,0.985,0.0,0.99,0.0,1500.0,1488.0,0.0,form San Diego St. - / Portland St. L | @ Snapdragon Stadium | wx 62°F wind 5mph | Elo 1500 v 1488; model wt 0%,,,,0 injury/lineup headline(s) in last 7d,0,,,,,,,,,,W,,,,,0
2026-09-05,12:30,ncaaf,KXNCAAFGAME-26SEP05NAUARIZ,Northern Arizona @ Arizona,Arizona,home,LEAN,0.569,0.975,0.975,0.0,0.98,0.0,1500.0,1512.0,0.0,form Arizona - / Northern Arizona W | @ Casino Del Sol Stadium | Elo 1500 v 1512; model wt 0%,,,,3 injury/lineup headline(s) in last 7d,0,,,,,,,,,,W,,,,,0
2026-09-05,12:30,ncaaf,KXNCAAFGAME-26SEP05MHUNMSU,Mercyhurst @ New Mexico St.,New Mexico St.,home,LEAN,0.574,0.957,0.965,-0.008,0.98,0.0,1488.0,1488.0,0.04,form New Mexico St. L / Mercyhurst L | rest New Mexico St. 7d / Mercyhurst 9d | @ Aggie Memorial Stadium | Elo 1488 v 1488; model wt 2%,,,,0 injury/lineup headline(s) in last 7d,0,,,,,,,,,,W,,,,,0
2026-09-05,12:31,ncaaf,KXNCAAFGAME-26SEP05LAMULL,Lamar @ Louisiana,Louisiana,home,LEAN,0.569,0.915,0.915,0.0,0.92,0.0,1500.0,1512.0,0.0,form Louisiana - / Lamar W | @ Our Lady of Lourdes Stadium | Elo 1500 v 1512; model wt 0%,,,,0 injury/lineup headline(s) in last 7d,0,,,,,,,,,,W,,,,,0
2026-09-05,12:31,ncaaf,KXNCAAFGAME-26SEP05SDSTNW,South Dakota St. @ Northwestern,Northwestern,home,LEAN,0.569,0.805,0.805,0.0,0.81,0.0,1500.0,1512.0,0.0,form Northwestern - / South Dakota St. W | @ Northwestern Medicine Field at Martin Stadium | Elo 1500 v 1512; model wt 0%,,,,2 injury/lineup headline(s) in last 7d,0,,,,,,,,,,W,,,,,0
2026-09-05,12:31,ncaaf,KXNCAAFGAME-26SEP05FAUFLA,Florida Atlantic @ Florida,Florida,home,LEAN,0.585,0.955,0.955,0.0,0.96,0.0,1500.0,1500.0,0.0,@ Ben Hill Griffin Stadium | Elo 1500 v 1500; model wt 0%,,,,2 injury/lineup headline(s) in last 7d,0,,,,,,,,,,W,,,,,0
2026-09-05,12:31,ncaaf,KXNCAAFGAME-26SEP05ULMMSST,Louisiana-Monroe @ Mississippi St.,Mississippi St.,home,LEAN,0.585,0.965,0.965,0.0,0.97,0.0,1500.0,1500.0,0.0,Elo 1500 v 1500; model wt 0%,,,,0 injury/lineup headline(s) in last 7d,0,,,,,,,,,,W,,,,,0
2026-09-05,12:31,ncaaf,KXNCAAFGAME-26SEP05WMUMICH,Western Michigan @ Michigan,Michigan,home,LEAN,0.585,0.975,0.975,0.0,0.98,0.0,1500.0,1500.0,0.0,@ Michigan Stadium | Elo 1500 v 1500; model wt 0%,,,,3 injury/lineup headline(s) in last 7d,0,,,,,,,,,,W,,,,,0
2026-09-05,12:32,ncaaf,KXNCAAFGAME-26SEP05ARSTMEM,Arkansas St. @ Memphis,Memphis,home,LEAN,0.602,0.795,0.795,0.0,0.8,0.0,1512.0,1500.0,0.0,form Memphis W / Arkansas St. - | @ Simmons Bank Liberty Stadium | Elo 1512 v 1500; model wt 0%,,,,,,,,,,,,,,,W,,,,,0
2026-09-05,12:32,ncaaf,KXNCAAFGAME-26SEP05SHSUTROY,Sam Houston @ Troy,Troy,home,LEAN,0.585,0.866,0.866,0.0,0.88,0.0,1500.0,1500.0,0.0,@ Veterans Memorial Stadium (AL) | Elo 1500 v 1500; model wt 0%,,,,,,,,,,,,,,,W,,,,,0
2026-09-05,12:32,ncaaf,KXNCAAFGAME-26SEP05HCURICE,Houston Christian @ Rice,Rice,home,LEAN,0.569,0.934,0.934,0.0,0.93,0.0,1500.0,1512.0,0.0,form Rice - / Houston Christian W | @ Rice Stadium | wx 79°F wind 2mph | Elo 1500 v 1512; model wt 0%,,,,,,,,,,,,,,,W,,,,,0
2026-09-05,12:32,ncaaf,KXNCAAFGAME-26SEP05CHSOGASO,Charleston Southern @ Georgia Southern,Georgia Southern,home,LEAN,0.602,0.955,0.955,0.0,0.95,0.0,1500.0,1488.0,0.0,form Georgia Southern - / Charleston Southern L | @ Allen E. Paulson Stadium | wx 77°F wind 2mph | Elo 1500 v 1488; model wt 0%,,,,,,,,,,,,,,,W,,,,,0
2026-09-05,12:32,ncaaf,KXNCAAFGAME-26SEP05PEAYVAN,Austin Peay @ Vanderbilt,Vanderbilt,home,LEAN,0.569,0.965,0.965,0.0,0.97,0.0,1500.0,1512.0,0.0,form Vanderbilt - / Austin Peay W | @ FirstBank Stadium | wx 76°F wind 1mph | Elo 1500 v 1512; model wt 0%,,,,,,,,,,,,,,,W,,,,,0
2026-09-05,12:32,ncaaf,KXNCAAFGAME-26SEP05EKYJVST,Eastern Kentucky @ Jacksonville St.,Jacksonville St.,home,LEAN,0.585,0.908,0.915,-0.007,0.92,0.0,1488.0,1488.0,0.04,form Jacksonville St. L / Eastern Kentucky L | @ AmFirst Stadium | wx 79°F wind 5mph | Elo 1488 v 1488; model wt 2%,,,,,,,,,,,,,,,W,,,,,0
2026-09-05,12:32,ncaaf,KXNCAAFGAME-26SEP05IDSTUSU,Idaho St. @ Utah St.,Utah St.,home,LEAN,0.569,0.827,0.827,0.0,0.84,0.0,1500.0,1512.0,0.0,form Utah St. - / Idaho St. W | @ Maverik Stadium | wx 70°F wind 9mph | Elo 1500 v 1512; model wt 0%,,,,,,,,,,,,,,,L,,,,,0
2026-09-05,12:32,ncaaf,KXNCAAFGAME-26SEP05NICHKSU,Nicholls St. @ Kansas St.,Kansas St.,home,LEAN,0.569,0.985,0.985,0.0,0.99,0.0,1500.0,1512.0,0.0,form Kansas St. - / Nicholls St. W | Elo 1500 v 1512; model wt 0%,,,,,,,,,,,,,,,W,,,,,0
2026-09-05,12:32,ncaaf,KXNCAAFGAME-26SEP05MURRMTU,Murray St. @ Middle Tennessee,Middle Tennessee,home,LEAN,0.602,0.925,0.925,0.0,0.93,0.0,1500.0,1488.0,0.0,"form Middle Tennessee - / Murray St. L | @ Johnny ""Red"" Floyd Stadium | wx 76°F wind 2mph | Elo 1500 v 1488; model wt 0%",,,,,,,,,,,,,,,W,,,,,0
2026-09-05,12:32,ncaaf,KXNCAAFGAME-26SEP05FIUUSF,Florida International @ South Florida,South Florida,home,LEAN,0.585,0.837,0.837,0.0,0.85,0.0,1500.0,1500.0,0.0,@ Raymond James Stadium | Elo 1500 v 1500; model wt 0%,,,,,,,,,,,,,,,W,,,,,0
2026-09-05,12:32,ncaaf,KXNCAAFGAME-26SEP05SELAUSA,Southeastern Louisiana @ South Alabama,South Alabama,home,LEAN,0.602,0.815,0.815,0.0,0.82,0.0,1500.0,1488.0,0.0,form South Alabama - / Southeastern Louisiana L | Elo 1500 v 1488; model wt 0%,,,,,,,,,,,,,,,W,,,,,0
2026-09-05,12:33,ncaaf,KXNCAAFGAME-26SEP05WYOCSU,Wyoming @ Colorado St.,Colorado St.,home,LEAN,0.585,0.589,0.589,0.0,0.6,0.0,1500.0,1500.0,0.0,@ Canvas Stadium | Elo 1500 v 1500; model wt 0%,,,,,,,,,,,,,,,W,,,,,0
2026-09-05,12:33,ncaaf,KXNCAAFGAME-26SEP05NORFODU,Norfolk St. @ Old Dominion,Old Dominion,home,LEAN,0.569,0.985,0.985,0.0,0.99,0.0,1500.0,1512.0,0.0,form Old Dominion - / Norfolk St. W | @ S.B. Ballard Stadium | Elo 1500 v 1512; model wt 0%,,,,,,,,,,,,,,,W,,,,,0
2026-09-05,12:33,ncaaf,KXNCAAFGAME-26SEP05ALCNUSM,Alcorn St. @ Southern Miss,Southern Miss,home,LEAN,0.569,0.905,0.905,0.0,0.91,0.0,1500.0,1512.0,0.0,form Southern Miss - / Alcorn St. W | @ M. M. Roberts Stadium | Elo 1500 v 1512; model wt 0%,,,,,,,,,,,,,,,W,,,,,0
2026-09-05,12:33,ncaaf,KXNCAAFGAME-26SEP05UNAARK,North Alabama @ Arkansas,Arkansas,home,LEAN,0.569,0.985,0.985,0.0,0.99,0.0,1500.0,1512.0,0.0,form Arkansas - / North Alabama W | @ Donald W. Reynolds Razorback Stadium | Elo 1500 v 1512; model wt 0%,,,,,,,,,,,,,,,W,,,,,0
2026-09-05,12:34,ncaaf,KXNCAAFGAME-26SEP05NIUIOWA,Northern Illinois @ Iowa,Iowa,home,LEAN,0.585,0.985,0.985,0.0,0.99,0.0,1500.0,1500.0,0.0,@ Kinnick Stadium | Elo 1500 v 1500; model wt 0%,,,,,,,,,,,,,,,W,,,,,0
2026-09-05,12:34,ncaaf,KXNCAAFGAME-26SEP05OKSTTLSA,Oklahoma St. @ Tulsa,Oklahoma St.,away,LEAN,0.415,0.825,0.825,0.0,0.83,0.0,1500.0,1500.0,0.0,@ H. A. Chapman Stadium | Elo 1500 v 1500; model wt 0%,,,,,,,,,,,,,,,L,,,,,0
2026-09-05,12:34,ncaaf,KXNCAAFGAME-26SEP05MRSHPSU,Marshall @ Penn St.,Penn St.,home,LEAN,0.585,0.945,0.945,0.0,0.95,0.0,1500.0,1500.0,0.0,@ Beaver Stadium | Elo 1500 v 1500; model wt 0%,,,,,,,,,,,,,,,W,,,,,0
2026-09-05,12:34,ncaaf,KXNCAAFGAME-26SEP05MEAPP,Maine @ Appalachian St.,Appalachian St.,home,LEAN,0.569,0.895,0.895,0.0,0.9,0.0,1500.0,1512.0,0.0,form Appalachian St. - / Maine W | Elo 1500 v 1512; model wt 0%,,,,,,,,,,,,,,,W,,,,,0
2026-09-05,12:34,ncaaf,KXNCAAFGAME-26SEP05TXSTTEX,Texas St. @ Texas,Texas,home,LEAN,0.585,0.975,0.975,0.0,0.98,0.0,1500.0,1500.0,0.0,@ DKR-Texas Memorial Stadium | wx 75°F wind 2mph | Elo 1500 v 1500; model wt 0%,,,,,,,,,,,,,,,W,,,,,0
2026-09-05,12:34,ncaaf,KXNCAAFGAME-26SEP05BSUORE,Boise St. @ Oregon,Oregon,home,LEAN,0.585,0.945,0.945,0.0,0.95,0.0,1500.0,1500.0,0.0,@ Autzen Stadium | wx 55°F wind 3mph | Elo 1500 v 1500; model wt 0%,,,,,,,,,,,,,,,W,,,,,0
2026-09-05,12:34,ncaaf,KXNCAAFGAME-26SEP05TULNDUKE,Tulane @ Duke,Duke,home,LEAN,0.585,0.738,0.738,0.0,0.75,0.0,1500.0,1500.0,0.0,@ Wallace Wade Stadium | wx 77°F wind 4mph | Elo 1500 v 1500; model wt 0%,,,,,,,,,,,,,,,W,,,,,0
2026-09-05,12:34,ncaaf,KXNCAAFGAME-26SEP05BCCIN,Boston College @ Cincinnati,Cincinnati,home,LEAN,0.585,0.725,0.725,0.0,0.73,0.0,1500.0,1500.0,0.0,@ Nippert Stadium | wx 72°F wind 3mph | Elo 1500 v 1500; model wt 0%,,,,,,,,,,,,,,,W,,,,,0
2026-09-05,12:34,ncaaf,KXNCAAFGAME-26SEP05TOWSNAVY,Towson @ Navy,Navy,home,LEAN,0.602,0.975,0.975,0.0,0.98,0.0,1500.0,1488.0,0.0,form Navy - / Towson L | @ Navy-Marine Corps Memorial Stadium | wx 77°F wind 7mph | Elo 1500 v 1488; model wt 0%,,,,,,,,,,,,,,,W,,,,,0
2026-09-05,12:34,ncaaf,KXNCAAFGAME-26SEP05BAYAUB,Baylor @ Auburn,Auburn,home,LEAN,0.585,0.725,0.725,0.0,0.73,0.0,1500.0,1500.0,0.0,@ Mercedes-Benz Stadium | Elo 1500 v 1500; model wt 0%,,,,,,,,,,,,,,,W,,,,,0
2026-09-05,12:34,ncaaf,KXNCAAFGAME-26SEP05UTRGVUTSA,UT Rio Grande Valley @ UTSA,UTSA,home,LEAN,0.569,0.965,0.965,0.0,0.96,0.0,1500.0,1512.0,0.0,form UTSA - / UT Rio Grande Valley W | @ Alamodome | Elo 1500 v 1512; model wt 0%,,,,,,,,,,,,,,,W,,,,,0
2026-09-05,12:34,ncaaf,KXNCAAFGAME-26SEP05CITCHAR,The Citadel @ Charlotte,Charlotte,home,LEAN,0.602,0.915,0.915,0.0,0.92,0.0,1500.0,1488.0,0.0,form Charlotte - / The Citadel L | @ Jerry Richardson Stadium | wx 78°F wind 3mph | Elo 1500 v 1488; model wt 0%,,,,,,,,,,,,,,,L,,,,,0
2026-09-05,12:35,ncaaf,KXNCAAFGAME-26SEP05URITEM,Rhode Island @ Temple,Temple,home,LEAN,0.569,0.845,0.845,0.0,0.85,0.0,1500.0,1512.0,0.0,form Temple - / Rhode Island W | @ Lincoln Financial Field | Elo 1500 v 1512; model wt 0%,,,,,,,,,,,,,,,W,,,,,0
2026-09-05,12:35,ncaaf,KXNCAAFGAME-26SEP05DUQAFA,Duquesne @ Air Force,Air Force,home,LEAN,0.585,0.975,0.975,0.0,0.98,0.0,1500.0,1500.0,0.0,@ Falcon Stadium | Elo 1500 v 1500; model wt 0%,,,,,,,,,,,,,,,W,,,,,0
2026-09-05,12:35,ncaaf,KXNCAAFGAME-26SEP05YSUUK,Youngstown St. @ Kentucky,Kentucky,home,LEAN,0.569,0.935,0.935,0.0,0.94,0.0,1500.0,1512.0,0.0,form Kentucky - / Youngstown St. W | @ Kroger Field | Elo 1500 v 1512; model wt 0%,,,,,,,,,,,,,,,W,,,,,0
2026-09-05,12:35,ncaaf,KXNCAAFGAME-26SEP05SEMOISU,Southeast Missouri St. @ Iowa St.,Iowa St.,home,LEAN,0.569,0.975,0.975,0.0,0.98,0.0,1500.0,1512.0,0.0,form Iowa St. - / Southeast Missouri St. W | @ Jack Trice Stadium | Elo 1500 v 1512; model wt 0%,,,,,,,,,,,,,,,W,,,,,0
2026-09-05,12:36,ncaaf,KXNCAAFGAME-26SEP05KENTSCAR,Kent St. @ South Carolina,South Carolina,home,LEAN,0.585,0.985,0.985,0.0,0.99,0.0,1500.0,1500.0,0.0,@ Williams-Brice Stadium | Elo 1500 v 1500; model wt 0%,,,,,,,,,,,,,,,W,,,,,0
2026-09-05,12:36,ncaaf,KXNCAAFGAME-26SEP05MOHPITT,Miami (OH) @ Pittsburgh,Pittsburgh,home,LEAN,0.585,0.866,0.866,0.0,0.88,0.0,1500.0,1500.0,0.0,@ Acrisure Stadium | Elo 1500 v 1500; model wt 0%,,,,,,,,,,,,,,,W,,,,,0
2026-09-05,12:36,ncaaf,KXNCAAFGAME-26SEP05CCARWVU,Coastal Carolina @ West Virginia,West Virginia,home,LEAN,0.585,0.925,0.925,0.0,0.93,0.0,1500.0,1500.0,0.0,@ Milan Puskar Stadium | Elo 1500 v 1500; model wt 0%,,,,,,,,,,,,,,,W,,,,,0
2026-09-05,12:36,ncaaf,KXNCAAFGAME-26SEP05BRYARMY,Bryant @ Army,Army,home,LEAN,0.569,0.985,0.985,0.0,0.99,0.0,1500.0,1512.0,0.0,form Army - / Bryant W | @ Michie Stadium | Elo 1500 v 1512; model wt 0%,,,,,,,,,,,,,,,W,,,,,0
2026-09-05,12:36,ncaaf,KXNCAAFGAME-26SEP05ECUALA,East Carolina @ Alabama,Alabama,home,LEAN,0.585,0.965,0.965,0.0,0.97,0.0,1500.0,1500.0,0.0,@ Bryant-Denny Stadium | wx 76°F wind 2mph | Elo 1500 v 1500; model wt 0%,,,,,,,,,,,,,,,W,,,,,0
2026-09-05,12:36,ncaaf,KXNCAAFGAME-26SEP05ORSTHOU,Oregon St. @ Houston,Houston,home,LEAN,0.585,0.915,0.915,0.0,0.92,0.0,1500.0,1500.0,0.0,@ TDECU Stadium | wx 79°F wind 2mph | Elo 1500 v 1500; model wt 0%,,,,,,,,,,,,,,,W,,,,,0
2026-09-05,12:36,ncaaf,KXNCAAFGAME-26SEP05OHIONEB,Ohio @ Nebraska,Nebraska,home,LEAN,0.585,0.945,0.945,0.0,0.95,0.0,1500.0,1500.0,0.0,"@ Memorial Stadium (Lincoln, NE) | wx 75°F wind 3mph | Elo 1500 v 1500; model wt 0%",,,,,,,,,,,,,,,W,,,,,0
2026-09-05,12:36,ncaaf,KXNCAAFGAME-26SEP05LIBJMU,Liberty @ James Madison,James Madison,home,LEAN,0.585,0.675,0.675,0.0,0.68,0.0,1500.0,1500.0,0.0,@ Bridgeforth Stadium | wx 70°F wind 2mph | Elo 1500 v 1500; model wt 0%,,,,,,,,,,,,,,,W,,,,,0
2026-09-05,12:36,ncaaf,KXNCAAFGAME-26SEP05TARLBGSU,Tarleton St. @ Bowling Green,Bowling Green,home,LEAN,0.569,0.525,0.525,0.0,0.53,0.0,1500.0,1512.0,0.0,form Bowling Green - / Tarleton St. W | @ Doyt L. Perry Stadium | wx 78°F wind 2mph | Elo 1500 v 1512; model wt 0%,,,,,,,,,,,,,,,L,,,,,0
2026-09-05,12:36,ncaaf,KXNCAAFGAME-26SEP05UNHSYR,New Hampshire @ Syracuse,Syracuse,home,LEAN,0.602,0.985,0.985,0.0,0.99,0.0,1500.0,1488.0,0.0,form Syracuse - / New Hampshire L | @ JMA Wireless Dome | Elo 1500 v 1488; model wt 0%,,,,,,,,,,,,,,,W,,,,,0
2026-09-05,12:36,ncaaf,KXNCAAFGAME-26SEP05LAFCONN,Lafayette @ UConn,UConn,home,LEAN,0.585,0.914,0.914,0.0,0.91,0.0,1500.0,1500.0,0.0,@ Pratt & Whitney Stadium | wx 65°F wind 4mph | Elo 1500 v 1500; model wt 0%,,,,,,,,,,,,,,,W,,,,,0
2026-09-05,12:37,ncaaf,KXNCAAFGAME-26SEP05CLEMLSU,Clemson @ LSU,LSU,home,LEAN,0.585,0.775,0.775,0.0,0.78,0.0,1500.0,1500.0,0.0,@ Tiger Stadium (LA) | Elo 1500 v 1500; model wt 0%,,,,,,,,,,,,,,,W,,,,,0
2026-09-05,12:37,mlb,KXMLBGAME-26SEP052140ATHSEA,A's @ Seattle,A's,away,EDGE,0.401,0.358,0.315,0.043,0.32,0.14,1427.6,1473.7,1.0,form Seattle LWWLL / A's LLWWW | H2H Seattle 0-2 | @ T-Mobile Park | Elo 1474 v 1428; model wt 50%,,,,,,,,,,,,,,,W,,,,,0.298
2026-09-05,12:37,mlb,KXMLBGAME-26SEP052110WSHLAD,Washington @ Los Angeles D,Los Angeles D,home,LEAN,0.605,0.64,0.675,-0.035,0.68,0.0,1510.3,1460.6,1.0,form Los Angeles D WLLWW / Washington LWWLL | H2H Los Angeles D 1-0 | @ Dodger Stadium | Elo 1510 v 1461; model wt 50%,,,,,,,,,,,,,,,W,,,,,0
2026-09-05,12:37,mlb,KXMLBGAME-26SEP052010STLCOL,St. Louis @ Colorado,St. Louis,away,LEAN,0.529,0.531,0.533,-0.002,0.54,0.0,1486.7,1442.6,1.0,form Colorado LLWWL / St. Louis LWWLW | H2H Colorado 1-3 | @ Coors Field | Elo 1443 v 1487; model wt 50%,,,,,,,,,,,,,,,L,,,,,0
2026-09-05,12:37,mlb,KXMLBGAME-26SEP051905BOSBAL,Boston @ Baltimore,Boston,away,LEAN,0.545,0.56,0.575,-0.015,0.58,0.0,1560.2,1505.0,1.0,form Baltimore WLLLL / Boston WLLWW | H2H Baltimore 1-4 | @ Oriole Park at Camden Yards | wx 76°F wind 6mph | Elo 1505 v 1560; model wt 50%,,,,,,,,,,,,,,,W,,,,,0
2026-09-05,12:37,mlb,KXMLBGAME-26SEP051915NYYSD,New York Y @ San Diego,San Diego,home,LEAN,0.519,0.514,0.51,0.004,0.52,0.0,1516.1,1527.2,1.0,form San Diego LWLLW / New York Y WLWWL | H2H San Diego 1-0 | @ Petco Park | wx 62°F wind 5mph | Elo 1516 v 1527; model wt 50%,,,,,,,,,,,,,,,L,,,,,0
2026-09-05,12:37,mlb,KXMLBGAME-26SEP051905TBTEX,Tampa Bay @ Texas,Tampa Bay,away,LEAN,0.545,0.522,0.5,0.022,0.5,0.0,1539.3,1484.1,1.0,form Texas WWLWL / Tampa Bay LWLLW | H2H Texas 2-3 | @ Globe Life Field | Elo 1484 v 1539; model wt 50%,,,,,,,,,,,,,,,W,,,,,0
2026-09-05,12:37,mlb,KXMLBGAME-26SEP051910TORKC,Toronto @ Kansas City,Toronto,away,LEAN,0.513,0.506,0.5,0.006,0.5,0.0,1534.6,1501.6,1.0,form Kansas City LLLWL / Toronto WLWWW | H2H Kansas City 2-2 | @ Kauffman Stadium | wx 74°F wind 2mph | Elo 1502 v 1535; model wt 50%,,,,,,,,,,,,,,,W,,,,,0
2026-09-05,12:38,mlb,KXMLBGAME-26SEP051910MINCWS,Minnesota @ Chicago WS,Chicago WS,home,LEAN,0.58,0.553,0.525,0.028,0.53,0.0,1514.7,1482.6,1.0,form Chicago WS LWLLW / Minnesota WWWLL | H2H Chicago WS 3-1 | @ Rate Field | Elo 1515 v 1483; model wt 50%,,,,,,,,,,,,,,,L,,,,,0
2026-09-05,12:38,mlb,KXMLBGAME-26SEP051915AZHOU,Arizona @ Houston,Houston,home,LEAN,0.538,0.522,0.505,0.017,0.51,0.0,1521.0,1518.5,1.0,form Houston WLWWW / Arizona LLLWL | H2H Houston 1-0 | @ Daikin Park | Elo 1521 v 1519; model wt 50%,,,,,,,,,,,,,,,L,,,,,0
2026-09-05,12:38,mlb,KXMLBGAME-26SEP051840MILCIN,Milwaukee @ Cincinnati,Milwaukee,away,LEAN,0.55,0.572,0.595,-0.023,0.6,0.0,1548.1,1489.2,1.0,form Cincinnati WLWWL / Milwaukee LWWLW | H2H Cincinnati 1-4 | @ Great American Ball Park | Elo 1489 v 1548; model wt 50%,,,,,,,,,,,,,,,L,,,,,0
2026-09-05,12:38,mlb,KXMLBGAME-26SEP051840LAAPIT,Los Angeles A @ Pittsburgh,Pittsburgh,home,LEAN,0.636,0.635,0.635,0.0,0.64,0.0,1498.8,1425.9,1.0,form Pittsburgh WWLWW / Los Angeles A LWLLL | H2H Pittsburgh 1-0 | @ PNC Park | Elo 1499 v 1426; model wt 50%,,,,,,,,,,,,,,,L,,,,,0
2026-09-05,12:38,mlb,KXMLBGAME-26SEP051805ATLPHI,Atlanta @ Philadelphia,Philadelphia,home,LEAN,0.52,0.557,0.593,-0.036,0.6,0.0,1530.0,1540.1,1.0,form Philadelphia WWWLL / Atlanta WLLWW | H2H Philadelphia 0-1 | @ Citizens Bank Park | wx 72°F wind 6mph | Elo 1530 v 1540; model wt 50%,,,,,,,,,,,,,,,W,,,,,0
2026-09-05,12:38,mlb,KXMLBGAME-26SEP051810DETCLE,Detroit @ Cleveland,Cleveland,home,LEAN,0.564,0.574,0.585,-0.011,0.59,0.0,1500.8,1480.3,1.0,form Cleveland WLLWW / Detroit LLWLL | H2H Cleveland 3-2 | @ Progressive Field | wx 70°F wind 6mph precip | Elo 1501 v 1480; model wt 50%,,,,,,,,,,,,,,,L,,,,,0
2026-09-05,12:38,mlb,KXMLBGAME-26SEP051610SFNYM,San Francisco @ New York M,New York M,home,LEAN,0.614,0.62,0.625,-0.005,0.63,0.0,1513.4,1456.7,1.0,form New York M LWLWW / San Francisco WLWLL | H2H New York M 1-0 | @ Citi Field | Elo 1513 v 1457; model wt 50%,,,,,,,,,,,,,,,L,,,,,0
2026-09-05,12:38,mlb,KXMLBGAME-26SEP051610CHCMIA,Chicago C @ Miami,Chicago C,away,LEAN,0.532,0.544,0.555,-0.011,0.56,0.0,1528.4,1482.0,1.0,form Miami LWWLL / Chicago C WLLWW | H2H Miami 0-1 | @ loanDepot park | Elo 1482 v 1528; model wt 50%,,,,,,,,,,,,,,,W,,,,,0
2026-09-05,12:38,epl,KXEPLGAME-26SEP05HULAVL,Aston Villa @ Hull City,Aston Villa,away,LEAN,0.376,0.502,0.507,-0.005,0.52,0.0,1478.7,1521.3,0.08,form Aston Villa LL / Hull City WW | rest Aston Villa 5d / Hull City 7d | @ The MKM Stadium | Elo 1479 v 1521; model wt 4%,,,,,,,,,,,,,,,L,,,,,0
2026-09-05,12:38,epl,KXEPLGAME-26SEP05NFOTOT,Tottenham @ Nottingham Forest,Nottingham Forest,home,LEAN,0.315,0.393,0.393,0.0,0.4,0.0,1500.0,1478.3,0.0,form Tottenham LL / Nottingham Forest - | @ The City Ground | Elo 1478 v 1500; model wt 0%,,,,,,,,,,,,,,,L,,,,,0
2026-09-05,12:38,epl,KXEPLGAME-26SEP05MCICOV,Coventry @ Manchester City,Manchester City,home,LEAN,0.425,0.815,0.831,-0.016,0.84,0.0,1521.3,1478.7,0.08,form Coventry LL / Manchester City WW | @ Etihad Stadium | Elo 1479 v 1521; model wt 4%,,,,,,,,,,,,,,,W,,,,,0
2026-09-05,12:38,epl,KXEPLGAME-26SEP05FULCRY,Crystal Palace @ Fulham,Fulham,home,LEAN,0.266,0.44,0.447,-0.007,0.45,0.0,1478.0,1478.7,0.08,form Crystal Palace LL / Fulham LL | rest Crystal Palace 8d / Fulham 6d | @ Craven Cottage | Elo 1479 v 1478; model wt 4%,,,,,,,,,,,,,,,L,,,,,0
2026-09-05,12:38,epl,KXEPLGAME-26SEP05BRILEE,Leeds United @ Brighton,Brighton,home,LEAN,0.278,0.479,0.487,-0.008,0.49,0.0,1500.0,1511.0,0.08,form Leeds United WD / Brighton WL | @ American Express Stadium | Elo 1511 v 1500; model wt 4%,,,,,,,,,,,,,,,L,,,,,0
2026-09-05,12:38,epl,KXEPLGAME-26SEP05BRESUN,Sunderland @ Brentford,Brentford,home,LEAN,0.314,0.558,0.568,-0.01,0.57,0.0,1511.0,1500.0,0.08,form Sunderland LW / Brentford WD | @ Gtech Community Stadium | Elo 1500 v 1511; model wt 4%,,,,,,,,,,,,,,,L,,,,,0
2026-09-05,12:38,epl,KXEPLGAME-26SEP05NEWBOU,Bournemouth @ Newcastle,Bournemouth,away,LEAN,0.421,0.581,0.588,-0.007,0.59,0.0,1489.7,1510.7,0.08,form Bournemouth LD / Newcastle DW | @ St. James' Park | Elo 1490 v 1511; model wt 4%,,,,,,,,,,,,,,,L,,,,,0
2026-09-05,12:38,laliga,KXLALIGAGAME-26SEP05VILDEP,Deportivo De La Coruna @ Villarreal,Villarreal,home,LEAN,0.302,0.631,0.652,-0.021,0.66,0.0,1489.7,1510.3,0.12,form Deportivo De La Coruna DDW / Villarreal DDL | rest Deportivo De La Coruna 6d / Villarreal 8d | Elo 1510 v 1490; model wt 6%,,,,,,,,,,,,,,,L,,,,,0
2026-09-05,12:38,laliga,KXLALIGAGAME-26SEP05RVCSAN,Santander @ Vallecano,Vallecano,home,LEAN,0.244,0.463,0.477,-0.014,0.48,0.0,1479.7,1499.7,0.12,form Santander DLW / Vallecano LDL | rest Santander 8d / Vallecano 5d | @ Estadio Municipal de Butarque | Elo 1500 v 1480; model wt 6%,,,,,,,,,,,,,,,W,,,,,0
2026-09-05,12:38,laliga,KXLALIGAGAME-26SEP05ATHATM,Atletico @ Bilbao,Atletico,away,LEAN,0.48,0.408,0.403,0.005,0.41,0.0,1522.0,1490.3,0.12,form Atletico WDW / Bilbao LLW | Elo 1522 v 1490; model wt 6%,,,,,,,,,,,,,,,L,,,,,0
2026-09-05,12:38,ligue1,KXLIGUE1GAME-26SEP05NICMAN,Le Mans @ Nice,Nice,home,LEAN,0.298,0.538,0.548,-0.01,0.55,0.0,1489.0,1489.0,0.08,form Le Mans DL / Nice DL | @ Allianz Riviera | Elo 1489 v 1489; model wt 4%,,,,,,,,,,,,,,,L,,,,,0
2026-09-05,12:38,ligue1,KXLIGUE1GAME-26SEP05HACSTB,Stade Brest 29 @ Le Havre,Stade Brest 29,away,LEAN,0.446,0.357,0.353,0.004,0.36,0.0,1499.7,1489.7,0.08,form Stade Brest 29 DD / Le Havre LD | Elo 1500 v 1490; model wt 4%,,,,,,,,,,,,,,,W,,,,,0
2026-09-05,12:38,ligue1,KXLIGUE1GAME-26SEP05RCLFCL,Lorient @ Lens,Lens,home,LEAN,0.329,0.61,0.622,-0.012,0.63,0.0,1499.3,1489.0,0.08,form Lorient DL / Lens WL | @ Stade Bollaert-Delelis | Elo 1489 v 1499; model wt 4%,,,,,,,,,,,,,,,L,,,,,0
2026-09-05,12:38,seriea,KXSERIEAGAME-26SEP05ROMATA,Atalanta @ Roma,Roma,home,LEAN,0.301,0.561,0.572,-0.011,0.58,0.0,1522.0,1521.3,0.08,form Atalanta WW / Roma WW | @ Olimpico | Elo 1521 v 1522; model wt 4%,,,,,,,,,,,,,,,W,,,,,0
2026-09-05,12:38,seriea,KXSERIEAGAME-26SEP05INTNAP,Napoli @ Inter,Inter,home,LEAN,0.33,0.578,0.588,-0.01,0.59,0.0,1522.0,1499.7,0.08,form Napoli WL / Inter WW | @ San Siro | Elo 1500 v 1522; model wt 4%,,,,,,,,,,,,,,,W,,,,,0
2026-09-05,12:38,seriea,KXSERIEAGAME-26SEP05FIOTOR,Torino @ Fiorentina,Fiorentina,home,LEAN,0.273,0.45,0.457,-0.007,0.46,0.0,1478.0,1478.0,0.08,form Torino LL / Fiorentina LL | @ Stadio Artemio Franchi | Elo 1478 v 1478; model wt 4%,,,,,,,,,,,,,,,L,,,,,0
2026-09-05,12:38,bundesliga,KXBUNDESLIGAGAME-26SEP05SCHBMU,Bayern Munich @ Schalke,Bayern Munich,away,LEAN,0.573,0.845,0.851,-0.006,0.86,0.0,1511.0,1489.0,0.04,form Bayern Munich W / Schalke L | rest Bayern Munich 8d / Schalke 6d | @ Veltins Arena | Elo 1511 v 1489; model wt 2%,,,,,,,,,,,,,,,L,,,,,0
2026-09-05,12:38,bundesliga,KXBUNDESLIGAGAME-26SEP05PADSCF,Freiburg @ Paderborn,Freiburg,away,LEAN,0.467,0.492,0.493,-0.001,0.5,0.0,1511.0,1500.0,0.04,form Freiburg W / Paderborn D | @ Home Deluxe Arena | Elo 1511 v 1500; model wt 2%,,,,,,,,,,,,,,,W,,,,,0
2026-09-05,12:38,bundesliga,KXBUNDESLIGAGAME-26SEP05SVWRBL,Leipzig @ Bremen,Leipzig,away,LEAN,0.497,0.551,0.552,-0.001,0.56,0.0,1511.0,1489.0,0.04,form Leipzig W / Bremen L | @ Weserstadion | Elo 1511 v 1489; model wt 2%,,,,,,,,,,,,,,,L,,,,,0
2026-09-05,12:38,bundesliga,KXBUNDESLIGAGAME-26SEP05BMGSVE,Elversberg @ M´gladbach,M´gladbach,home,LEAN,0.273,0.503,0.508,-0.005,0.51,0.0,1489.0,1511.0,0.04,form Elversberg W / M´gladbach L | Elo 1511 v 1489; model wt 2%,,,,,,,,,,,,,,,L,,,,,0
2026-09-05,12:38,bundesliga,KXBUNDESLIGAGAME-26SEP05LEVUNI,Union Berlin @ Leverkusen,Leverkusen,home,LEAN,0.319,0.694,0.701,-0.008,0.71,0.0,1489.0,1500.0,0.04,form Union Berlin D / Leverkusen L | @ BayArena | Elo 1500 v 1489; model wt 2%,,,,,,,,,,,,,,,W,,,,,0
2026-09-05,12:38,bundesliga,KXBUNDESLIGAGAME-26SEP05TSGBVB,Dortmund @ Hoffenheim,Dortmund,away,LEAN,0.482,0.385,0.383,0.002,0.39,0.0,1511.0,1489.0,0.04,form Dortmund W / Hoffenheim L | @ PreZero Arena | Elo 1511 v 1489; model wt 2%,,,,,,,,,,,,,,,W,,,,,0
2026-09-05,12:38,mls,KXMLSGAME-26SEP05VANSTL,Saint Louis @ Vancouver,Saint Louis,away,EDGE,0.523,0.214,0.164,0.05,0.17,0.13,1547.3,1512.0,0.28,form Saint Louis DWDWD / Vancouver DWLWW | Elo 1547 v 1512; model wt 14%,,,,,,,,,,,,,,,W,,,,,0.635
2026-09-05,12:38,mls,KXMLSGAME-26SEP05PORMIN,Minnesota @ Portland,Portland,home,LEAN,0.346,0.412,0.423,-0.011,0.43,0.0,1516.0,1488.5,0.28,form Minnesota DDLWD / Portland WLWDL | @ Providence Park | Elo 1489 v 1516; model wt 14%,,,,,,,,,,,,,,,W,,,,,0
2026-09-05,12:38,mls,KXMLSGAME-26SEP05RSLLAFC,Los Angeles F @ Salt Lake,Los Angeles F,away,LEAN,0.522,0.42,0.403,0.017,0.41,0.0,1507.8,1451.3,0.28,form Los Angeles F DLLDD / Salt Lake DDLLL | H2H Los Angeles F 1-0 | Elo 1508 v 1451; model wt 14%,,,,,,,,,,,,,,,L,,,,,0
2026-09-05,12:38,mls,KXMLSGAME-26SEP05LAGNE,New England @ Los Angeles G,New England,away,LEAN,0.502,0.394,0.373,0.021,0.38,0.0,1509.5,1471.3,0.32,form New England LLWDW / Los Angeles G DLWDL | Elo 1509 v 1471; model wt 16%,,,,,,,,,,,,,,,L,,,,,0
2026-09-05,12:38,mls,KXMLSGAME-26SEP05SEANYRB,New York RB @ Seattle,Seattle,home,LEAN,0.289,0.49,0.523,-0.033,0.52,0.0,1443.7,1461.9,0.28,form New York RB WLLDL / Seattle LLLDD | Elo 1462 v 1444; model wt 14%,,,,,,,,,,,,,,,L,,,,,0
2026-09-05,12:38,mls,KXMLSGAME-26SEP05DALSKC,Kansas City @ Dallas,Dallas,home,LEAN,0.41,0.655,0.695,-0.04,0.7,0.0,1500.0,1451.8,0.28,form Kansas City LLDLL / Dallas DWWLD | @ Toyota Stadium | Elo 1452 v 1500; model wt 14%,,,,,,,,,,,,,,,W,,,,,0
2026-09-05,12:38,mls,KXMLSGAME-26SEP05ATXSJ,San Jose @ Austin,Austin,home,LEAN,0.375,0.425,0.433,-0.008,0.44,0.0,1501.4,1450.2,0.28,form San Jose LLLLD / Austin LLWDW | @ Q2 Stadium | Elo 1450 v 1501; model wt 14%,,,,,,,,,,,,,,,L,,,,,0
2026-09-05,12:38,mls,KXMLSGAME-26SEP05TORCHI,Chicago Fire @ Toronto,Chicago Fire,away,LEAN,0.446,0.438,0.437,0.001,0.44,0.0,1510.5,1512.4,0.28,form Chicago Fire WWWDD / Toronto DWDWD | @ BMO Field | Elo 1511 v 1512; model wt 14%,,,,,,,,,,,,,,,L,,,,,0
2026-09-05,12:38,mls,KXMLSGAME-26SEP05PHIMTL,Montreal @ Philadelphia,Philadelphia,home,LEAN,0.436,0.653,0.688,-0.035,0.69,0.0,1547.5,1481.2,0.28,form Montreal DDWDL / Philadelphia WWDDW | Elo 1481 v 1548; model wt 14%,,,,,,,,,,,,,,,W,,,,,0
2026-09-05,12:38,mls,KXMLSGAME-26SEP05ORLSD,San Diego FC @ Orlando,Orlando,home,LEAN,0.293,0.424,0.445,-0.021,0.45,0.0,1508.2,1523.1,0.28,form San Diego FC DWLWW / Orlando LDLWD | @ Inter&Co Stadium | Elo 1523 v 1508; model wt 14%,,,,,,,,,,,,,,,W,,,,,0
2026-09-05,12:38,mls,KXMLSGAME-26SEP05MIAATL,Atlanta @ Miami,Atlanta,away,EDGE,0.479,0.165,0.114,0.051,0.12,0.13,1491.9,1509.8,0.28,form Atlanta LWWWL / Miami DLDLW | @ Nu Stadium | Elo 1492 v 1510; model wt 14%,,,,,,,,,,,,,,,L,,,,,-0.13
2026-09-05,12:38,mls,KXMLSGAME-26SEP05CLBCOL,Colorado @ Columbus,Columbus,home,LEAN,0.197,0.383,0.413,-0.03,0.42,0.0,1459.5,1529.4,0.28,form Colorado WWWLW / Columbus DLLLL | @ ScottsMiracle-Gro Field | Elo 1529 v 1460; model wt 14%,,,,,,,,,,,,,,,W,,,,,0
2026-09-05,12:38,mls,KXMLSGAME-26SEP05CINDCU,DC United @ Cincinnati,Cincinnati,home,LEAN,0.355,0.576,0.612,-0.036,0.62,0.0,1508.1,1488.3,0.28,form DC United DDLLD / Cincinnati WDWDL | Elo 1488 v 1508; model wt 14%,,,,,,,,,,,,,,,V,2026-09-10T11:13Z,,,,0
2026-09-05,12:38,mls,KXMLSGAME-26SEP05CLTHOU,Houston @ Charlotte,Charlotte,home,LEAN,0.292,0.413,0.433,-0.02,0.44,0.0,1530.3,1537.0,0.28,form Houston WWWLD / Charlotte LWDWW | @ Bank of America Stadium | Elo 1537 v 1530; model wt 14%,,,,,,,,,,,,,,,L,,,,,0
2026-09-05,12:38,cpl,KXCPLMATCH-26SEP052000TKRBAR,Trinbago Knight Riders @ Barbados Royals,Trinbago Knight Riders,away,LEAN,0.419,0.586,0.605,-0.019,0.61,0.0,1449.2,1481.1,0.2,form Barbados Royals WWLLL / Trinbago Knight Riders LWLLL | H2H Barbados Royals 0-1 | Elo 1481 v 1449; model wt 10%,,,,,,,,,,,,,,,W,,,,,0
2026-09-06,13:10,atp,KXATPMATCH-26SEP06CERBLO,Francisco Cerundolo vs Alexander Blockx,Alexander Blockx,neutral,LEAN,0.542,0.588,0.597,-0.009,0.61,0.0,1548.1,1518.6,0.32,form Alexander Blockx WLWWW / Francisco Cerundolo LLWWW | Elo 1548 v 1519; model wt 16%,,,,0 injury/lineup headline(s) in last 7d,0,,,,,,,,,,W,,,,,0
2026-09-06,13:10,atp,KXATPMATCH-26SEP06SHETSI,Ben Shelton vs Stefanos Tsitsipas,Stefanos Tsitsipas,neutral,EDGE,0.496,0.352,0.302,0.05,0.31,0.15,1606.5,1609.5,0.52,form Stefanos Tsitsipas WLWWW / Ben Shelton WLWWW | Elo 1607 v 1610; model wt 26%,,,,0 injury/lineup headline(s) in last 7d,0,,,,,,,,,,L,,,,,-0.15
2026-09-06,13:10,atp,KXATPMATCH-26SEP06MEDTIA,Daniil Medvedev vs Frances Tiafoe,Daniil Medvedev,neutral,LEAN,0.414,0.567,0.605,-0.038,0.61,0.0,1538.4,1598.9,0.4,form Frances Tiafoe WLWWW / Daniil Medvedev LLWWW | Elo 1599 v 1538; model wt 20%,,,,0 injury/lineup headline(s) in last 7d,0,,,,,,,,,,L,,,,,0
2026-09-06,13:10,atp,KXATPMATCH-26SEP06MICETC,Alex Michelsen vs Tomas Martin Etcheverry,Alex Michelsen,neutral,LEAN,0.597,0.697,0.725,-0.028,0.73,0.0,1570.1,1501.6,0.44,form Tomas Martin Etcheverry LLWWW / Alex Michelsen WLWWW | Elo 1502 v 1570; model wt 22%,,,,0 injury/lineup headline(s) in last 7d,0,,,,,,,,,,W,,,,,0
2026-09-06,13:10,atp,KXATPMATCH-26SEP06PAUALC,Tommy Paul vs Carlos Alcaraz,Carlos Alcaraz,neutral,LEAN,0.432,0.8,0.823,-0.023,0.82,0.0,1549.4,1596.9,0.12,form Carlos Alcaraz WWW / Tommy Paul WLWWW | Elo 1549 v 1597; model wt 6%,,,,4 injury/lineup headline(s) in last 7d,0,,,,,,,,,,W,,,,,0
2026-09-06,13:10,wta,KXWTAMATCH-26SEP06SWIZHE,Iga Swiatek vs Qinwen Zheng,Iga Swiatek,neutral,LEAN,0.635,0.757,0.795,-0.038,0.8,0.0,1676.6,1580.3,0.48,form Qinwen Zheng WWWWW / Iga Swiatek WLWWW | Elo 1580 v 1677; model wt 24%,,,,1 injury/lineup headline(s) in last 7d,0,,,,,,,,,,L,,,,,0
2026-09-06,13:10,wta,KXWTAMATCH-26SEP06ANDPOT,Mirra Andreeva vs Anastasia Potapova,Anastasia Potapova,neutral,EDGE,0.44,0.208,0.157,0.051,0.16,0.14,1524.2,1565.9,0.36,form Anastasia Potapova LLWWW / Mirra Andreeva WLWWW | Elo 1524 v 1566; model wt 18%,,,,0 injury/lineup headline(s) in last 7d,0,,,,,,,,,,L,,,,,-0.14
2026-09-06,13:10,wta,KXWTAMATCH-26SEP06KALNAV,Anna Kalinskaya vs Emma Navarro,Anna Kalinskaya,neutral,LEAN,0.531,0.511,0.505,0.006,0.51,0.0,1577.6,1556.0,0.44,form Emma Navarro WLWWW / Anna Kalinskaya WLWWW | Elo 1556 v 1578; model wt 22%,,,,4 injury/lineup headline(s) in last 7d,0,,,,,,,,,,L,,,,,0
2026-09-06,13:10,wta,KXWTAMATCH-26SEP06KOSNOS,Marta Kostyuk vs Linda Noskova,Marta Kostyuk,neutral,LEAN,0.523,0.554,0.565,-0.011,0.57,0.0,1636.9,1620.6,0.52,form Linda Noskova WLWWW / Marta Kostyuk WLWWW | H2H Linda Noskova 1-0 | Elo 1621 v 1637; model wt 26%,,,,1 injury/lineup headline(s) in last 7d,0,,,,,,,,,,L,,,,,0
2026-09-06,13:10,wta,KXWTAMATCH-26SEP06SABTOW,Aryna Sabalenka vs Taylor Townsend,Taylor Townsend,neutral,EDGE,0.441,0.223,0.175,0.048,0.18,0.13,1555.5,1596.7,0.36,form Taylor Townsend WLWWW / Aryna Sabalenka WLWWW | Elo 1556 v 1597; model wt 18%,,,,2 injury/lineup headline(s) in last 7d,0,,,,,,,,,,L,,,,,-0.13
2026-09-06,13:10,wta,KXWTAMATCH-26SEP06PEGCIR,Jessica Pegula vs Sorana Cirstea,Jessica Pegula,neutral,LEAN,0.627,0.708,0.728,-0.02,0.74,0.0,1663.4,1573.1,0.4,form Sorana Cirstea WLWWW / Jessica Pegula WLWWW | H2H Sorana Cirstea 0-1 | Elo 1573 v 1663; model wt 20%,,,,2 injury/lineup headline(s) in last 7d,0,,Jessica Pegula Leads Alexandra Eala As DC Open Final Is Suspended By Rain ⛈️🔥 Lotto Max Second Prize Ontario (naAddTmvjq),,,,,,,,W,,,,,0
2026-09-06,13:10,ncaaf,KXNCAAFGAME-26SEP06WCUCAMP,Western Carolina @ Campbell,Western Carolina,away,LEAN,0.415,0.624,0.629,-0.004,0.65,0.0,1512.0,1512.0,0.04,form Campbell W / Western Carolina W | Elo 1512 v 1512; model wt 2%,,,,0 injury/lineup headline(s) in last 7d,0,,,,,,,,,,L,,,,,0
2026-09-06,13:10,ncaaf,KXNCAAFGAME-26SEP06SCSTFAMU,South Carolina St. @ Florida A&M,South Carolina St.,away,LEAN,0.415,0.885,0.895,-0.01,0.9,0.0,1512.0,1512.0,0.04,form Florida A&M W / South Carolina St. W | Elo 1512 v 1512; model wt 2%,,,,0 injury/lineup headline(s) in last 7d,0,,,,,,,,,,W,,,,,0
2026-09-06,13:10,ncaaf,KXNCAAFGAME-26SEP06TXSOPV,Texas Southern @ Prairie View A&M,Prairie View A&M,home,LEAN,0.552,0.773,0.777,-0.005,0.79,0.0,1488.0,1512.0,0.04,form Prairie View A&M L / Texas Southern W | Elo 1488 v 1512; model wt 2%,,,,0 injury/lineup headline(s) in last 7d,0,,,,,,,,,,W,,,,,0
2026-09-06,13:10,ncaaf,KXNCAAFGAME-26SEP06WSUWASH,Washington St. @ Washington,Washington,home,LEAN,0.585,0.935,0.935,0.0,0.94,0.0,1500.0,1500.0,0.0,@ Husky Stadium | wx 52°F wind 3mph | Elo 1500 v 1500; model wt 0%,,,,0 injury/lineup headline(s) in last 7d,0,,,,,,,,,,W,,,,,0
2026-09-06,13:10,ncaaf,KXNCAAFGAME-26SEP06LOUMISS,Louisville @ Ole Miss,Ole Miss,home,LEAN,0.585,0.695,0.695,0.0,0.7,0.0,1500.0,1500.0,0.0,@ Nissan Stadium | wx 79°F wind 4mph | Elo 1500 v 1500; model wt 0%,,,,2 injury/lineup headline(s) in last 7d,0,,,,,,,,,,W,,,,,0
2026-09-06,13:10,ncaaf,KXNCAAFGAME-26SEP06WISND,Wisconsin @ Notre Dame,Notre Dame,home,LEAN,0.585,0.915,0.915,0.0,0.92,0.0,1500.0,1500.0,0.0,@ Lambeau Field | wx 63°F wind 1mph | Elo 1500 v 1500; model wt 0%,,,,4 injury/lineup headline(s) in last 7d,0,,,,,,,,,,W,,,,,0
2026-09-06,13:10,mlb,KXMLBGAME-26SEP062210WSHLAD,Washington @ Los Angeles D,Los Angeles D,home,LEAN,0.616,0.636,0.655,-0.019,0.66,0.0,1514.6,1456.3,1.0,form Los Angeles D LLWWW / Washington WWLLL | H2H Los Angeles D 2-0 | @ Dodger Stadium | Elo 1515 v 1456; model wt 50%,,,,6 injury/lineup headline(s) in last 7d,0,,"Muncy (illness), Rushing (elbow discomfort) scratched from Dodgers' lineup Saturday",,,,,,,,W,,,,,0
2026-09-06,13:11,mlb,KXMLBGAME-26SEP061820MINCWS,Minnesota @ Chicago WS,Chicago WS,home,LEAN,0.565,0.57,0.575,-0.005,0.58,0.0,1509.2,1488.0,1.0,form Chicago WS WLLWL / Minnesota WWLLW | H2H Chicago WS 3-2 | @ Rate Field | Elo 1509 v 1488; model wt 50%,,,,6 injury/lineup headline(s) in last 7d,0,,,,,,,,,,W,,,,,0
2026-09-06,13:11,mlb,KXMLBGAME-26SEP061610NYYSD,New York Y @ San Diego,New York Y,away,LEAN,0.495,0.503,0.51,-0.007,0.51,0.0,1532.0,1511.2,1.0,form San Diego WLLWL / New York Y LWWLW | H2H San Diego 1-1 | @ Petco Park | Elo 1511 v 1532; model wt 50%,,,,4 injury/lineup headline(s) in last 7d,0,,New York Yankees Announce 23-Year-Old In Organization Retires,,,,,,,,L,,,,,0
2026-09-06,13:11,mlb,KXMLBGAME-26SEP061610ATHSEA,A's @ Seattle,Seattle,home,LEAN,0.584,0.609,0.635,-0.026,0.64,0.0,1468.0,1433.3,1.0,form Seattle WWLLL / A's LWWWW | H2H Seattle 0-3 | @ T-Mobile Park | Elo 1468 v 1433; model wt 50%,,,,3 injury/lineup headline(s) in last 7d,0,,,,,,,,,,W,,,,,0
2026-09-06,13:11,mlb,KXMLBGAME-26SEP061510STLCOL,St. Louis @ Colorado,St. Louis,away,LEAN,0.513,0.534,0.555,-0.021,0.56,0.0,1481.1,1448.3,1.0,form Colorado LWWLW / St. Louis WWLWL | H2H Colorado 2-3 | @ Coors Field | Elo 1448 v 1481; model wt 50%,,,,6 injury/lineup headline(s) in last 7d,0,,,,,,,,,,W,,,,,0
2026-09-06,13:11,mlb,KXMLBGAME-26SEP061435TBTEX,Tampa Bay @ Texas,Tampa Bay,away,LEAN,0.557,0.526,0.495,0.031,0.5,0.0,1543.5,1479.9,1.0,form Texas WLWLL / Tampa Bay WLLWW | H2H Texas 2-4 | @ Globe Life Field | Elo 1480 v 1544; model wt 50%,,,,4 injury/lineup headline(s) in last 7d,0,,,,,,,,,,L,,,,,0
2026-09-06,13:12,mlb,KXMLBGAME-26SEP061410TORKC,Toronto @ Kansas City,Toronto,away,LEAN,0.526,0.525,0.525,0.0,0.53,0.0,1539.1,1497.0,1.0,form Kansas City LLWLL / Toronto LWWWW | H2H Kansas City 2-3 | @ Kauffman Stadium | Elo 1497 v 1539; model wt 50%,,,,3 injury/lineup headline(s) in last 7d,0,,,,,,,,,,L,,,,,0
2026-09-06,13:12,mlb,KXMLBGAME-26SEP061410AZHOU,Arizona @ Houston,Houston,home,LEAN,0.524,0.514,0.505,0.009,0.51,0.0,1516.0,1523.5,1.0,form Houston LWWWL / Arizona LLWLW | H2H Houston 1-1 | @ Daikin Park | Elo 1516 v 1524; model wt 50%,,,,6 injury/lineup headline(s) in last 7d,0,,,,,,,,,,L,,,,,0
2026-09-06,13:12,mlb,KXMLBGAME-26SEP061340DETCLE,Detroit @ Cleveland,Cleveland,home,LEAN,0.549,0.582,0.615,-0.033,0.62,0.0,1495.5,1485.6,1.0,form Cleveland LLWWL / Detroit LWLLW | H2H Cleveland 3-3 | @ Progressive Field | Elo 1496 v 1486; model wt 50%,,,,6 injury/lineup headline(s) in last 7d,0,,,,,,,,,,W,,,,,0
2026-09-06,13:12,mlb,KXMLBGAME-26SEP061340CHCMIA,Chicago C @ Miami,Chicago C,away,LEAN,0.544,0.56,0.575,-0.015,0.58,0.0,1532.7,1477.7,1.0,form Miami WWLLL / Chicago C LLWWW | H2H Miami 0-2 | @ loanDepot park | Elo 1478 v 1533; model wt 50%,,,,5 injury/lineup headline(s) in last 7d,0,,,,,,,,,,L,,,,,0
2026-09-06,13:12,mlb,KXMLBGAME-26SEP061335BOSBAL,Boston @ Baltimore,Boston,away,LEAN,0.557,0.561,0.565,-0.004,0.57,0.0,1564.5,1500.8,1.0,form Baltimore LLLLL / Boston LLWWW | H2H Baltimore 1-5 | @ Oriole Park at Camden Yards | Elo 1501 v 1564; model wt 50%,,,,6 injury/lineup headline(s) in last 7d,0,,,,,,,,,,W,,,,,0
2026-09-06,13:12,mlb,KXMLBGAME-26SEP061340SFNYM,San Francisco @ New York M,New York M,home,LEAN,0.598,0.592,0.585,0.007,0.59,0.0,1507.5,1462.5,1.0,form New York M WLWWL / San Francisco LWLLW | H2H New York M 1-1 | @ Citi Field | wx 68°F wind 5mph | Elo 1508 v 1462; model wt 50%,,,,3 injury/lineup headline(s) in last 7d,0,,,,,,,,,,W,,,,,0
2026-09-06,13:12,mlb,KXMLBGAME-26SEP061335LAAPIT,Los Angeles A @ Pittsburgh,Pittsburgh,home,LEAN,0.62,0.627,0.635,-0.008,0.64,0.0,1492.8,1431.9,1.0,form Pittsburgh WLWWL / Los Angeles A WLLLW | H2H Pittsburgh 1-1 | @ PNC Park | wx 64°F wind 7mph | Elo 1493 v 1432; model wt 50%,,,,1 injury/lineup headline(s) in last 7d,0,,,,,,,,,,W,,,,,0
2026-09-06,13:12,mlb,KXMLBGAME-26SEP061310ATLPHI,Atlanta @ Philadelphia,Philadelphia,home,LEAN,0.535,0.515,0.495,0.02,0.5,0.0,1535.2,1534.9,1.0,form Philadelphia WWLLW / Atlanta LLWWL | H2H Philadelphia 1-1 | @ Citizens Bank Park | wx 68°F wind 7mph | Elo 1535 v 1535; model wt 50%,,,,5 injury/lineup headline(s) in last 7d,0,,,,,,,,,,L,,,,,0
2026-09-06,13:13,mlb,KXMLBGAME-26SEP061210MILCIN,Milwaukee @ Cincinnati,Milwaukee,away,LEAN,0.533,0.566,0.599,-0.033,0.61,0.0,1542.2,1495.1,1.0,form Cincinnati LWWLW / Milwaukee WWLWL | H2H Cincinnati 2-4 | @ Great American Ball Park | Elo 1495 v 1542; model wt 50%,,,,4 injury/lineup headline(s) in last 7d,0,,,,,,,,,,L,,,,,0
2026-09-06,13:13,epl,KXEPLGAME-26SEP06ARSCFC,Chelsea @ Arsenal,Arsenal,home,LEAN,0.299,0.552,0.562,-0.011,0.57,0.0,1521.3,1522.0,0.08,form Chelsea WW / Arsenal WW | @ Emirates Stadium | Elo 1522 v 1521; model wt 4%,,,,6 injury/lineup headline(s) in last 7d,0,,,,,,,,,,W,,,,,0
2026-09-06,13:13,epl,KXEPLGAME-26SEP06EVEMUN,Manchester United @ Everton,Manchester United,away,LEAN,0.437,0.505,0.508,-0.003,0.51,0.0,1500.7,1510.3,0.08,form Manchester United LW / Everton WD | @ Hill Dickinson Stadium | Elo 1501 v 1510; model wt 4%,,,,6 injury/lineup headline(s) in last 7d,0,,,,,,,,,,L,,,,,0
2026-09-06,13:13,laliga,KXLALIGAGAME-26SEP06ESPSEV,Sevilla @ Espanyol,Espanyol,home,LEAN,0.243,0.414,0.425,-0.011,0.43,0.0,1488.0,1510.3,0.12,form Sevilla WWL / Espanyol WLL | @ RCDE Stadium | Elo 1510 v 1488; model wt 6%,,,,6 injury/lineup headline(s) in last 7d,0,,,,,,,,,,L,,,,,0
2026-09-06,13:13,laliga,KXLALIGAGAME-26SEP06MCFLEV,Levante @ Malaga,Malaga,home,LEAN,0.248,0.388,0.397,-0.009,0.4,0.0,1479.4,1501.4,0.12,form Levante LDW / Malaga LDL | Elo 1501 v 1479; model wt 6%,,,,6 injury/lineup headline(s) in last 7d,0,,,,,,,,,,L,,,,,0
2026-09-06,13:13,laliga,KXLALIGAGAME-26SEP06ALAOSA,Osasuna @ Alaves,Alaves,home,LEAN,0.281,0.405,0.413,-0.008,0.42,0.0,1521.0,1521.3,0.12,form Osasuna DWW / Alaves WDW | rest Osasuna 6d / Alaves 9d | Elo 1521 v 1521; model wt 6%,,,,6 injury/lineup headline(s) in last 7d,0,,,,,,,,,,W,,,,,0
2026-09-06,13:13,laliga,KXLALIGAGAME-26SEP06VCFBAR,Barcelona @ Valencia,Barcelona,away,LEAN,0.578,0.76,0.771,-0.012,0.78,0.0,1531.3,1478.7,0.12,form Barcelona WWW / Valencia DLL | @ Mestalla Stadium | Elo 1531 v 1479; model wt 6%,,,,6 injury/lineup headline(s) in last 7d,0,,,,,,,,,,W,,,,,0
2026-09-06,13:13,ligue1,KXLIGUE1GAME-26SEP06OLMPAR,Paris FC @ Marseille,Marseille,home,LEAN,0.278,0.503,0.508,-0.005,0.51,0.0,1500.0,1511.0,0.04,form Paris FC W / Marseille WL | @ Stade Vélodrome | Elo 1511 v 1500; model wt 2%,,,,6 injury/lineup headline(s) in last 7d,0,,,,,,,,,,L,,,,,0
2026-09-06,13:13,ligue1,KXLIGUE1GAME-26SEP06ANGREN,Stade Rennais @ Angers,Stade Rennais,away,LEAN,0.472,0.52,0.522,-0.002,0.53,0.0,1511.0,1500.0,0.08,form Stade Rennais DW / Angers LW | @ Stade Raymond Kopa | Elo 1511 v 1500; model wt 4%,,,,4 injury/lineup headline(s) in last 7d,0,,,,,,,,,,W,,,,,0
2026-09-06,13:13,ligue1,KXLIGUE1GAME-26SEP06ESTRCS,Strasbourg Alsace @ Troyes,Troyes,home,LEAN,0.314,0.543,0.552,-0.01,0.56,0.0,1511.0,1500.7,0.08,form Strasbourg Alsace LW / Troyes DW | Elo 1501 v 1511; model wt 4%,,,,6 injury/lineup headline(s) in last 7d,0,,,,,,,,,,L,,,,,0
2026-09-06,13:13,seriea,KXSERIEAGAME-26SEP06JUVACM,Milan @ Juventus,Juventus,home,LEAN,0.277,0.448,0.455,-0.007,0.46,0.0,1521.3,1521.3,0.08,form Milan WW / Juventus WW | @ Allianz Stadium | Elo 1521 v 1521; model wt 4%,,,,6 injury/lineup headline(s) in last 7d,0,,,,,,,,,,L,,,,,0
2026-09-06,13:13,seriea,KXSERIEAGAME-26SEP06BFCSAS,Sassuolo @ Bologna,Bologna,home,LEAN,0.243,0.487,0.497,-0.01,0.5,0.0,1478.7,1500.0,0.08,form Sassuolo LW / Bologna LL | rest Sassuolo 8d / Bologna 6d | @ Renato Dall'Ara | Elo 1500 v 1479; model wt 4%,,,,6 injury/lineup headline(s) in last 7d,0,,,,,,,,,,L,,,,,0
2026-09-06,13:13,seriea,KXSERIEAGAME-26SEP06PARMON,Monza @ Parma Calcio,Monza,away,LEAN,0.415,0.34,0.337,0.003,0.34,0.0,1478.3,1478.7,0.08,form Monza LL / Parma Calcio LL | Elo 1478 v 1479; model wt 4%,,,,6 injury/lineup headline(s) in last 7d,0,,,,,,,,,,L,,,,,0
2026-09-06,13:13,seriea,KXSERIEAGAME-26SEP06FROVEN,Venezia @ Frosinone,Frosinone,home,LEAN,0.313,0.423,0.427,-0.005,0.43,0.0,1500.0,1478.7,0.08,form Venezia LL / Frosinone LW | @ Stadio Benito Stirpe | Elo 1479 v 1500; model wt 4%,,,,6 injury/lineup headline(s) in last 7d,0,,,,,,,,,,W,,,,,0
2026-09-06,13:13,bundesliga,KXBUNDESLIGAGAME-26SEP06SGEFCA,Augsburg @ Frankfurt,Frankfurt,home,LEAN,0.289,0.518,0.522,-0.005,0.53,0.0,1500.0,1511.0,0.04,form Augsburg W / Frankfurt D | @ Deutsche Bank Park | Elo 1511 v 1500; model wt 2%,,,,6 injury/lineup headline(s) in last 7d,0,,,,,,,,,,L,,,,,0
2026-09-06,13:13,bundesliga,KXBUNDESLIGAGAME-26SEP06HSVM05,Mainz @ Hamburg,Mainz,away,LEAN,0.456,0.398,0.397,0.001,0.4,0.0,1500.0,1489.0,0.04,form Mainz D / Hamburg L | @ Volksparkstadion | Elo 1500 v 1489; model wt 2%,,,,3 injury/lineup headline(s) in last 7d,0,,,,,,,,,,W,,,,,0
2026-09-06,13:13,cpl,KXCPLMATCH-26SEP061900STLBAR,St. Lucia Kings @ Barbados Royals,St. Lucia Kings,away,LEAN,0.522,0.523,0.523,-0.0,0.56,0.0,1497.9,1465.8,0.24,form Barbados Royals WLLLL / St. Lucia Kings LLWWL | rest Barbados Royals 1d / St. Lucia Kings 3d | H2H Barbados Royals 1-0 | Elo 1466 v 1498; model wt 12%,,,,0 injury/lineup headline(s) in last 7d,0,,,,,,,,,,L,,,,,0
2026-09-06,13:13,cpl,KXCPLMATCH-26SEP061500SKNGAW,St. Kitts and Nevis Patriots @ Guyana Amazon Warriors,Guyana Amazon Warriors,home,LEAN,0.639,0.626,0.625,0.001,0.63,0.0,1563.3,1489.4,0.2,form Guyana Amazon Warriors WWWWW / St. Kitts and Nevis Patriots LLLWW | Elo 1563 v 1489; model wt 10%,,,,0 injury/lineup headline(s) in last 7d,0,,,,,,,,,,W,,,,,0
2026-09-07,13:13,atp,KXATPMATCH-26SEP07ZVEDAR,Alexander Zverev vs Luciano Darderi,Luciano Darderi,neutral,EDGE,0.422,0.188,0.105,0.083,0.11,0.22,1571.7,1626.1,0.52,form Luciano Darderi WLWWW / Alexander Zverev WLWWW | Elo 1572 v 1626; model wt 26%,,,,0 injury/lineup headline(s) in last 7d,0,,,,,,,,,,L,,,,,-0.22
2026-09-07,13:13,atp,KXATPMATCH-26SEP07GEAVAN,Arthur Gea vs Botic Van de Zandschulp,Botic Van de Zandschulp,neutral,LEAN,0.432,0.57,0.609,-0.039,0.62,0.0,1577.3,1625.0,0.44,form Botic Van de Zandschulp WLWWW / Arthur Gea WLWWW | Elo 1577 v 1625; model wt 22%,,,,0 injury/lineup headline(s) in last 7d,0,,,,,,,,,,W,,,,,0
2026-09-07,13:13,wta,KXWTAMATCH-26SEP07OSARYB,Naomi Osaka vs Elena Rybakina,Elena Rybakina,neutral,LEAN,0.525,0.553,0.565,-0.012,0.57,0.0,1641.6,1624.3,0.6,form Elena Rybakina WLWWW / Naomi Osaka WLWWW | H2H Elena Rybakina 1-0 | Elo 1642 v 1624; model wt 30%,,,,5 injury/lineup headline(s) in last 7d,0,,,,,,,,,,W,,,,,0
2026-09-07,13:13,wta,KXWTAMATCH-26SEP07JOVGAU,Iva Jovic vs Coco Gauff,Coco Gauff,neutral,LEAN,0.669,0.713,0.725,-0.012,0.73,0.0,1703.3,1581.2,0.44,form Coco Gauff WWWWW / Iva Jovic WLWWW | Elo 1703 v 1581; model wt 22%,,,,1 injury/lineup headline(s) in last 7d,0,,,,,,,,,,W,,,,,0
2026-09-07,13:13,ncaaf,KXNCAAFGAME-26SEP07SMUFSU,SMU @ Florida St.,SMU,away,LEAN,0.398,0.575,0.575,0.0,0.58,0.0,1500.0,1512.0,0.0,form Florida St. W / SMU - | @ Doak Campbell Stadium | wx 74°F wind 7mph | Elo 1512 v 1500; model wt 0%,,,,0 injury/lineup headline(s) in last 7d,0,,,,,,,,,,W,,,,,0
2026-09-07,13:13,mlb,KXMLBGAME-26SEP072205TORATH,Toronto @ A's,Toronto,away,LEAN,0.614,0.631,0.649,-0.017,0.66,0.0,1533.5,1428.8,1.0,form A's WWWWL / Toronto WWWWL | @ Sutter Health Park | wx 53°F wind 4mph | Elo 1429 v 1533; model wt 50%,,,,3 injury/lineup headline(s) in last 7d,0,,,,,,,,,,L,,,,,0
2026-09-07,13:13,mlb,KXMLBGAME-26SEP072110CINLAD,Cincinnati @ Los Angeles D,Los Angeles D,home,LEAN,0.56,0.573,0.585,-0.012,0.59,0.0,1518.8,1500.7,1.0,form Los Angeles D LWWWW / Cincinnati WWLWW | @ Dodger Stadium | wx 72°F wind 5mph | Elo 1519 v 1501; model wt 50%,,,,6 injury/lineup headline(s) in last 7d,0,,,,,,,,,,W,,,,,0
2026-09-07,13:13,mlb,KXMLBGAME-26SEP072010STLSF,St. Louis @ San Francisco,San Francisco,home,LEAN,0.495,0.523,0.551,-0.028,0.55,0.0,1458.1,1485.6,1.0,form San Francisco WLLWL / St. Louis WLWLW | @ Oracle Park | Elo 1458 v 1486; model wt 50%,,,,4 injury/lineup headline(s) in last 7d,0,,,,,,,,,,W,,,,,0
2026-09-07,13:14,mlb,KXMLBGAME-26SEP071710WSHSD,Washington @ San Diego,San Diego,home,LEAN,0.625,0.635,0.645,-0.01,0.65,0.0,1516.5,1452.2,1.0,form San Diego LLWLW / Washington WLLLL | @ Petco Park | Elo 1517 v 1452; model wt 50%,,,,4 injury/lineup headline(s) in last 7d,0,,,,,,,,,,W,,,,,0
2026-09-07,13:14,mlb,KXMLBGAME-26SEP071510MINDET,Minnesota @ Detroit,Detroit,home,LEAN,0.531,0.533,0.535,-0.002,0.54,0.0,1480.8,1483.3,1.0,form Detroit WLLWL / Minnesota WLLWL | H2H Detroit 1-2 | @ Comerica Park | Elo 1481 v 1483; model wt 50%,,,,6 injury/lineup headline(s) in last 7d,0,,Tigers pitcher mysteriously suspended as Detroit's bullpen continues to unravel,,,,,,,,W,,,,,0
2026-09-07,13:14,mlb,KXMLBGAME-26SEP071410AZKC,Arizona @ Kansas City,Kansas City,home,LEAN,0.497,0.501,0.505,-0.004,0.51,0.0,1502.6,1528.4,1.0,form Kansas City LWLLW / Arizona LWLWW | @ Kauffman Stadium | Elo 1503 v 1528; model wt 50%,,,,4 injury/lineup headline(s) in last 7d,0,,,,,,,,,,L,,,,,0
2026-09-07,13:14,mlb,KXMLBGAME-26SEP071410CHCMIL,Chicago C @ Milwaukee,Milwaukee,home,LEAN,0.548,0.542,0.535,0.007,0.54,0.0,1536.5,1526.9,1.0,form Milwaukee WLWLL / Chicago C LWWWL | H2H Milwaukee 2-2 | @ American Family Field | Elo 1537 v 1527; model wt 50%,,,,5 injury/lineup headline(s) in last 7d,0,,,,,,,,,,W,,,,,0
2026-09-07,13:14,mlb,KXMLBGAME-26SEP071335LAABOS,Los Angeles A @ Boston,Boston,home,EDGE,0.721,0.668,0.615,0.053,0.62,0.32,1568.6,1427.8,1.0,form Boston LWWWW / Los Angeles A LLLWL | H2H Boston 3-0 | @ Fenway Park | Elo 1569 v 1428; model wt 50%,,,,3 injury/lineup headline(s) in last 7d,0,,,,,,,,,,W,,,,,0.196
2026-09-07,13:15,mlb,KXMLBGAME-26SEP071335CLEBAL,Cleveland @ Baltimore,Baltimore,home,LEAN,0.529,0.534,0.54,-0.005,0.55,0.0,1496.7,1500.4,1.0,form Baltimore LLLLL / Cleveland LWWLW | @ Oriole Park at Camden Yards | Elo 1497 v 1500; model wt 50%,,,,5 injury/lineup headline(s) in last 7d,0,,,,,,,,,,W,,,,,0
2026-09-07,13:15,mlb,KXMLBGAME-26SEP071305ATLPHI,Atlanta @ Philadelphia,Philadelphia,home,LEAN,0.52,0.56,0.599,-0.039,0.61,0.0,1530.2,1539.9,1.0,form Philadelphia WLLWL / Atlanta LWWLW | H2H Philadelphia 1-2 | @ Citizens Bank Park | Elo 1530 v 1540; model wt 50%,,,,5 injury/lineup headline(s) in last 7d,0,,,,,,,,,,W,,,,,0
2026-09-07,13:15,mlb,KXMLBGAME-26SEP071310NYMMIA,New York M @ Miami,Miami,home,LEAN,0.494,0.514,0.535,-0.021,0.54,0.0,1483.5,1511.9,1.0,form Miami WLLLW / New York M LWWLW | H2H Miami 3-1 | @ loanDepot park | Elo 1483 v 1512; model wt 50%,,,,4 injury/lineup headline(s) in last 7d,0,,,,,,,,,,L,,,,,0
2026-09-07,13:15,laliga,KXLALIGAGAME-26SEP07ELCRSO,Real Sociedad @ Elche,Real Sociedad,away,LEAN,0.436,0.447,0.447,-0.001,0.45,0.0,1490.0,1478.0,0.12,form Real Sociedad LLWD / Elche DLL | rest Real Sociedad 4d / Elche 10d | @ Estadio Martínez Valero | Elo 1490 v 1478; model wt 6%,,,,6 injury/lineup headline(s) in last 7d,0,,,,,,,,,,W,,,,,0
2026-09-07,13:15,laliga,KXLALIGAGAME-26SEP07GETRCC,Celta Vigo @ Getafe,Getafe,home,LEAN,0.287,0.371,0.377,-0.005,0.38,0.0,1489.7,1478.1,0.12,form Celta Vigo DLLD / Getafe LWL | rest Celta Vigo 4d / Getafe 7d | @ Estadio Coliseum | Elo 1478 v 1490; model wt 6%,,,,6 injury/lineup headline(s) in last 7d,0,,,,,,,,,,L,,,,,0
2026-09-07,13:15,seriea,KXSERIEAGAME-26SEP07UDILAZ,Lazio @ Udinese,Lazio,away,LEAN,0.438,0.349,0.345,0.004,0.35,0.0,1521.3,1510.7,0.08,form Lazio WW / Udinese DW | @ Stadio Friuli | Elo 1521 v 1511; model wt 4%,,,,6 injury/lineup headline(s) in last 7d,0,,,,,,,,,,W,,,,,0
2026-09-07,13:15,seriea,KXSERIEAGAME-26SEP07CAGLEC,Lecce @ Cagliari,Cagliari,home,LEAN,0.27,0.455,0.463,-0.008,0.47,0.0,1500.0,1500.0,0.08,form Lecce WL / Cagliari WL | @ Unipol Domus | Elo 1500 v 1500; model wt 4%,,,,6 injury/lineup headline(s) in last 7d,0,,,,,,,,,,W,,,,,0
2026-09-08,13:12,atp,KXATPMATCH-26SEP08SHEALC,Ben Shelton vs Carlos Alcaraz,Carlos Alcaraz,neutral,LEAN,0.417,0.748,0.777,-0.029,0.79,0.0,1567.5,1625.4,0.16,form Carlos Alcaraz WWWW / Ben Shelton LWWWW | Elo 1568 v 1625; model wt 8%,,,,3 injury/lineup headline(s) in last 7d,0,,Carlos Alcaraz earmarks when he plans to retire from tennis,,,,,,,,L,,,,,0
2026-09-08,13:12,atp,KXATPMATCH-26SEP08TIAMIC,Frances Tiafoe vs Alex Michelsen,Frances Tiafoe,neutral,LEAN,0.542,0.57,0.579,-0.009,0.59,0.0,1612.1,1583.0,0.48,form Alex Michelsen LWWWW / Frances Tiafoe LWWWW | Elo 1583 v 1612; model wt 24%,,,,1 injury/lineup headline(s) in last 7d,0,,,,,,,,,,W,,,,,0
2026-09-08,13:12,wta,KXWTAMATCH-26SEP08ZHERYB,Qinwen Zheng vs Elena Rybakina,Elena Rybakina,neutral,LEAN,0.58,0.682,0.718,-0.036,0.73,0.0,1656.8,1600.6,0.52,form Elena Rybakina LWWWW / Qinwen Zheng WWWWW | Elo 1657 v 1601; model wt 26%,,,,4 injury/lineup headline(s) in last 7d,0,,,,,,,,,,W,,,,,0
2026-09-08,13:12,wta,KXWTAMATCH-26SEP08PEGNAV,Jessica Pegula vs Emma Navarro,Jessica Pegula,neutral,LEAN,0.643,0.743,0.775,-0.032,0.78,0.0,1675.3,1573.0,0.48,form Emma Navarro LWWWW / Jessica Pegula LWWWW | H2H Emma Navarro 0-1 | Elo 1573 v 1675; model wt 24%,,,,3 injury/lineup headline(s) in last 7d,0,,Jessica Pegula Leads Alexandra Eala As DC Open Final Is Suspended By Rain ⛈️🔥 Lotto Max Second Prize Ontario (naAddTmvjq),,,,,,,,W,,,,,0
2026-09-08,13:12,wta,KXWTAMATCH-26SEP08SABNOS,Aryna Sabalenka vs Linda Noskova,Linda Noskova,neutral,EDGE,0.538,0.356,0.285,0.071,0.29,0.23,1637.3,1610.8,0.56,form Linda Noskova LWWWW / Aryna Sabalenka LWWWW | Elo 1637 v 1611; model wt 28%,,,,1 injury/lineup headline(s) in last 7d,0,,"“I’m glad I somehow pull out the win,” Linda Noskova reacts to reaching fourth round at US Open",,,,,,,,L,,,,,-0.23
2026-09-08,13:12,mlb,KXMLBGAME-26SEP082210CINLAD,Cincinnati @ Los Angeles D,Cincinnati,away,EDGE,0.426,0.341,0.255,0.086,0.26,0.27,1496.0,1523.5,1.0,form Los Angeles D WWWWW / Cincinnati WLWWL | H2H Los Angeles D 1-0 | @ Dodger Stadium | wx 72°F wind 6mph | Elo 1524 v 1496; model wt 50%,,,,6 injury/lineup headline(s) in last 7d,0,,,,,,,,,,L,,,,,-0.27
2026-09-08,13:12,mlb,KXMLBGAME-26SEP082145STLSF,St. Louis @ San Francisco,San Francisco,home,LEAN,0.511,0.508,0.505,0.003,0.51,0.0,1463.5,1480.2,1.0,form San Francisco LLWLW / St. Louis LWLWL | H2H San Francisco 1-0 | @ Oracle Park | wx 59°F wind 3mph | Elo 1464 v 1480; model wt 50%,,,,3 injury/lineup headline(s) in last 7d,0,,,,,,,,,,W,,,,,0
2026-09-08,13:13,mlb,KXMLBGAME-26SEP082140TEXSEA,Texas @ Seattle,Seattle,home,LEAN,0.515,0.533,0.551,-0.018,0.55,0.0,1472.5,1485.8,1.0,form Seattle WLLLW / Texas LWLLW | H2H Seattle 1-3 | @ T-Mobile Park | Elo 1473 v 1486; model wt 50%,,,,5 injury/lineup headline(s) in last 7d,0,,,,,,,,,,L,,,,,0
2026-09-08,13:13,mlb,KXMLBGAME-26SEP082140WSHSD,Washington @ San Diego,San Diego,home,LEAN,0.635,0.63,0.625,0.005,0.63,0.0,1520.6,1448.1,1.0,form San Diego LWLWW / Washington LLLLL | H2H San Diego 1-0 | @ Petco Park | Elo 1521 v 1448; model wt 50%,,,,6 injury/lineup headline(s) in last 7d,0,,,,,,,,,,W,,,,,0
2026-09-08,13:13,mlb,KXMLBGAME-26SEP082140TORATH,Toronto @ A's,Toronto,away,LEAN,0.596,0.611,0.625,-0.014,0.63,0.0,1527.0,1435.2,1.0,form A's WWWLW / Toronto WWWLL | H2H A's 1-0 | @ Sutter Health Park | Elo 1435 v 1527; model wt 50%,,,,3 injury/lineup headline(s) in last 7d,0,,,,,,,,,,W,,,,,0
2026-09-08,13:13,mlb,KXMLBGAME-26SEP081940PITCWS,Pittsburgh @ Chicago WS,Chicago WS,home,LEAN,0.559,0.564,0.569,-0.005,0.58,0.0,1513.9,1496.9,1.0,form Chicago WS LLWLW / Pittsburgh LWWLW | @ Rate Field | Elo 1514 v 1497; model wt 50%,,,,3 injury/lineup headline(s) in last 7d,0,,Guillen brought to tears as White Sox plan to retire his No. 13,,,,,,,,L,,,,,0
2026-09-08,13:14,mlb,KXMLBGAME-26SEP081940AZKC,Arizona @ Kansas City,Arizona,away,LEAN,0.516,0.515,0.515,0.0,0.52,0.0,1533.1,1498.0,1.0,form Kansas City WLLWL / Arizona WLWWW | H2H Kansas City 0-1 | @ Kauffman Stadium | Elo 1498 v 1533; model wt 50%,,,,6 injury/lineup headline(s) in last 7d,0,,"Nolan Arenado, Diamondbacks pull out rubber match vs. Astros",,,,,,,,W,,,,,0
2026-09-08,13:14,mlb,KXMLBGAME-26SEP081940CHCMIL,Chicago C @ Milwaukee,Chicago C,away,EDGE,0.438,0.388,0.338,0.05,0.34,0.18,1522.0,1541.4,1.0,form Milwaukee LWLLW / Chicago C WWWLL | H2H Milwaukee 3-2 | @ American Family Field | Elo 1541 v 1522; model wt 50%,,,,5 injury/lineup headline(s) in last 7d,0,,,,,,,,,,L,,,,,-0.18
2026-09-08,13:14,mlb,KXMLBGAME-26SEP081905COLNYY,Colorado @ New York Y,Colorado,away,EDGE,0.351,0.298,0.245,0.053,0.25,0.16,1443.7,1526.7,1.0,form New York Y WWLWL / Colorado WWLWL | @ Yankee Stadium | wx 53°F wind 5mph precip | Elo 1527 v 1444; model wt 50%,,,,5 injury/lineup headline(s) in last 7d,0,,,,,,,,,,L,,,,,-0.16
2026-09-08,13:14,mlb,KXMLBGAME-26SEP081915TBATL,Tampa Bay @ Atlanta,Atlanta,home,LEAN,0.53,0.523,0.515,0.008,0.52,0.0,1534.8,1537.6,1.0,form Atlanta WWLWL / Tampa Bay LLWWL | @ Truist Park | wx 73°F wind 7mph | Elo 1535 v 1538; model wt 50%,,,,5 injury/lineup headline(s) in last 7d,0,,,,,,,,,,L,,,,,0
2026-09-08,13:14,mlb,KXMLBGAME-26SEP081840MINDET,Minnesota @ Detroit,Detroit,home,LEAN,0.545,0.555,0.565,-0.01,0.57,0.0,1485.8,1478.3,1.0,form Detroit LLWLW / Minnesota LLWLL | H2H Detroit 2-2 | @ Comerica Park | wx 68°F wind 4mph | Elo 1486 v 1478; model wt 50%,,,,6 injury/lineup headline(s) in last 7d,0,,,,,,,,,,L,,,,,0
2026-09-08,13:14,mlb,KXMLBGAME-26SEP081840HOUPHI,Houston @ Philadelphia,Philadelphia,home,LEAN,0.569,0.567,0.565,0.002,0.57,0.0,1535.3,1511.1,1.0,form Philadelphia LLWLW / Houston WWWLL | @ Citizens Bank Park | wx 66°F wind 3mph | Elo 1535 v 1511; model wt 50%,,,,4 injury/lineup headline(s) in last 7d,0,,,,,,,,,,L,,,,,0
2026-09-08,13:14,mlb,KXMLBGAME-26SEP081840NYMMIA,New York M @ Miami,Miami,home,LEAN,0.48,0.513,0.545,-0.032,0.55,0.0,1478.9,1516.5,1.0,form Miami LLLWL / New York M WWLWW | H2H Miami 3-2 | @ loanDepot park | Elo 1479 v 1516; model wt 50%,,,,5 injury/lineup headline(s) in last 7d,0,,,,,,,,,,L,,,,,0
2026-09-08,13:14,mlb,KXMLBGAME-26SEP081845LAABOS,Los Angeles A @ Boston,Boston,home,EDGE,0.728,0.651,0.575,0.076,0.58,0.43,1571.6,1424.7,1.0,form Boston WWWWW / Los Angeles A LLWLL | H2H Boston 4-0 | @ Fenway Park | Elo 1572 v 1425; model wt 50%,,,,3 injury/lineup headline(s) in last 7d,0,,,,,,,,,,L,,,,,-0.43
2026-09-08,13:14,mlb,KXMLBGAME-26SEP081835CLEBAL,Cleveland @ Baltimore,Baltimore,home,LEAN,0.544,0.539,0.535,0.004,0.54,0.0,1501.7,1495.3,1.0,form Baltimore LLLLW / Cleveland WWLWL | H2H Baltimore 1-0 | @ Oriole Park at Camden Yards | Elo 1502 v 1495; model wt 50%,,,,6 injury/lineup headline(s) in last 7d,0,,,,,,,,,,L,,,,,0
2026-09-08,13:14,ucl,KXUCLGAME-26SEP08RMAINT,Inter @ Real Madrid,Real Madrid,home,LEAN,0.326,0.618,0.618,0.0,0.62,0.0,1500.0,1500.0,0.0,Elo 1500 v 1500; model wt 0%,,,,6 injury/lineup headline(s) in last 7d,0,,,,,,,,,,W,,,,,0
2026-09-08,13:14,ucl,KXUCLGAME-26SEP08LILRBB,Real Betis @ Lille,Lille,home,LEAN,0.29,0.437,0.437,0.0,0.44,0.0,1500.0,1500.0,0.0,Elo 1500 v 1500; model wt 0%,,,,6 injury/lineup headline(s) in last 7d,0,,Morocco forward Hamza Ighmane ruled out of Lille’s Champions League group stage matches,,,,,,,,L,,,,,0
2026-09-08,13:14,ucl,KXUCLGAME-26SEP08FCPMCI,Manchester City @ Porto,Manchester City,away,LEAN,0.458,0.588,0.588,0.0,0.59,0.0,1500.0,1500.0,0.0,Elo 1500 v 1500; model wt 0%,,,,6 injury/lineup headline(s) in last 7d,0,,,,,,,,,,W,,,,,0
2026-09-08,13:14,ucl,KXUCLGAME-26SEP08BVBVIL,Villarreal @ Dortmund,Dortmund,home,LEAN,0.312,0.542,0.542,0.0,0.55,0.0,1500.0,1500.0,0.0,Elo 1500 v 1500; model wt 0%,,,,6 injury/lineup headline(s) in last 7d,0,,,,,,,,,,W,,,,,0
2026-09-08,13:14,ucl,KXUCLGAME-26SEP08BRUAVL,Aston Villa @ Club Brugge,Club Brugge,home,LEAN,0.297,0.383,0.383,0.0,0.39,0.0,1500.0,1500.0,0.0,Elo 1500 v 1500; model wt 0%,,,,6 injury/lineup headline(s) in last 7d,0,,,,,,,,,,L,,,,,0
2026-09-08,13:14,ucl,KXUCLGAME-26SEP08AEKASK,LASK @ AEK Athens,AEK Athens,home,LEAN,0.334,0.556,0.565,-0.009,0.57,0.0,1515.1,1500.8,0.08,form LASK LW / AEK Athens DW | Elo 1501 v 1515; model wt 4%,,,,6 injury/lineup headline(s) in last 7d,0,,,,,,,,,,W,,,,,0
2026-09-08,13:14,cpl,KXCPLMATCH-26SEP081900ANTGAW,Antigua And Barbuda Falcons @ Guyana Amazon Warriors,Guyana Amazon Warriors,home,LEAN,0.582,0.637,0.645,-0.008,0.65,0.0,1574.3,1526.9,0.24,form Guyana Amazon Warriors WWWWW / Antigua And Barbuda Falcons WWLWW | rest Guyana Amazon Warriors 2d / Antigua And Barbuda Falcons 6d | H2H Guyana Amazon Warriors 1-0 | Elo 1574 v 1527; model wt 12%,,,,0 injury/lineup headline(s) in last 7d,0,,,,,,,,,,L,,,,,0
2026-09-09,13:11,atp,KXATPMATCH-26SEP09ZVEVAN,Alexander Zverev vs Botic Van de Zandschulp,Botic Van de Zandschulp,neutral,EDGE,0.437,0.206,0.116,0.09,0.12,0.24,1595.5,1639.6,0.56,form Botic Van de Zandschulp LWWWW / Alexander Zverev LWWWW | Elo 1595 v 1640; model wt 28%,,,,0 injury/lineup headline(s) in last 7d,0,,,,,,,,,,L,2026-09-10T11:13Z,,,,-0.24
2026-09-09,13:11,atp,KXATPMATCH-26SEP09KHABLO,Karen Khachanov vs Alexander Blockx,Karen Khachanov,neutral,LEAN,0.443,0.576,0.605,-0.029,0.61,0.0,1523.2,1562.8,0.36,form Alexander Blockx LWWWW / Karen Khachanov LLWWW | Elo 1563 v 1523; model wt 18%,,,,1 injury/lineup headline(s) in last 7d,0,,,,,,,,,,W,2026-09-10T11:13Z,,,,0
2026-09-09,13:11,wta,KXWTAMATCH-26SEP09ANDGAU,Mirra Andreeva vs Coco Gauff,Coco Gauff,neutral,LEAN,0.684,0.661,0.655,0.006,0.66,0.0,1713.9,1580.0,0.44,form Coco Gauff WWWWW / Mirra Andreeva LWWWW | Elo 1714 v 1580; model wt 22%,,,,3 injury/lineup headline(s) in last 7d,0,,,,,,,,,,W,,,,,0
2026-09-09,13:11,nfl,KXNFLGAME-26SEP09NESEA,New England @ Seattle,Seattle,home,LEAN,0.59,0.615,0.615,-0.0,0.62,0.0,1490.0,1489.7,0.04,form Seattle L / New England L | rest Seattle 25d / New England 13d | @ Lumen Field | wx 52°F wind 4mph | Elo 1490 v 1490; model wt 2%,,,,6 injury/lineup headline(s) in last 7d,0,,,,,,,,,,W,2026-09-10T11:13Z,,,,0
2026-09-09,13:11,mlb,KXMLBGAME-26SEP092210CINLAD,Cincinnati @ Los Angeles D,Cincinnati,away,EDGE,0.413,0.344,0.275,0.069,0.28,0.22,1491.4,1528.1,1.0,form Los Angeles D WWWWW / Cincinnati LWWLL | H2H Los Angeles D 2-0 | @ Dodger Stadium | wx 75°F wind 7mph | Elo 1528 v 1491; model wt 50%,,,,5 injury/lineup headline(s) in last 7d,0,,,,,,,,,,L,2026-09-10T11:13Z,,,,-0.22
2026-09-09,13:11,mlb,KXMLBGAME-26SEP091940PITCWS,Pittsburgh @ Chicago WS,Chicago WS,home,LEAN,0.544,0.559,0.575,-0.016,0.58,0.0,1508.7,1502.2,1.0,form Chicago WS LWLWL / Pittsburgh WWLWW | H2H Chicago WS 0-1 | @ Rate Field | wx 74°F wind 4mph | Elo 1509 v 1502; model wt 50%,,,,4 injury/lineup headline(s) in last 7d,0,,Guillen brought to tears as White Sox plan to retire his No. 13,,,,,,,,L,2026-09-10T11:13Z,,,,0
2026-09-09,13:12,mlb,KXMLBGAME-26SEP091940AZKC,Arizona @ Kansas City,Arizona,away,LEAN,0.529,0.522,0.515,0.007,0.52,0.0,1537.6,1493.5,1.0,form Kansas City LLWLL / Arizona LWWWW | H2H Kansas City 0-2 | @ Kauffman Stadium | Elo 1494 v 1538; model wt 50%,,,,6 injury/lineup headline(s) in last 7d,0,,Diamondbacks OF Corbin Carroll scratched before 1st pitch vs. Royals; Corbin Carroll Scratched From Diamondbacks' Lineup vs Royals,,,,,,,,L,2026-09-10T11:13Z,,,,0
2026-09-09,13:12,mlb,KXMLBGAME-26SEP091940CHCMIL,Chicago C @ Milwaukee,Milwaukee,home,LEAN,0.575,0.563,0.55,0.013,0.56,0.0,1546.1,1517.3,1.0,form Milwaukee WLLWW / Chicago C WWLLL | H2H Milwaukee 4-2 | @ American Family Field | Elo 1546 v 1517; model wt 50%,,,,6 injury/lineup headline(s) in last 7d,0,,,,,,,,,,W,2026-09-10T11:13Z,,,,0
2026-09-09,13:12,mlb,KXMLBGAME-26SEP091915TBATL,Tampa Bay @ Atlanta,Atlanta,home,LEAN,0.516,0.526,0.535,-0.009,0.54,0.0,1529.8,1542.6,1.0,form Atlanta WLWLL / Tampa Bay LWWLW | H2H Atlanta 0-1 | @ Truist Park | Elo 1530 v 1543; model wt 50%,,,,6 injury/lineup headline(s) in last 7d,0,,,,,,,,,,L,2026-09-10T11:13Z,,,,0
2026-09-09,13:12,mlb,KXMLBGAME-26SEP091905COLNYY,Colorado @ New York Y,New York Y,home,LEAN,0.659,0.673,0.687,-0.014,0.7,0.0,1530.5,1439.9,1.0,form New York Y WLWLW / Colorado WLWLL | H2H New York Y 1-0 | @ Yankee Stadium | Elo 1531 v 1440; model wt 50%,,,,6 injury/lineup headline(s) in last 7d,0,,,,,,,,,,W,2026-09-10T11:13Z,,,,0
2026-09-09,13:12,mlb,KXMLBGAME-26SEP091845LAABOS,Los Angeles A @ Boston,Boston,home,LEAN,0.712,0.688,0.665,0.023,0.67,0.0,1564.6,1431.7,1.0,form Boston WWWWL / Los Angeles A LWLLW | H2H Boston 4-1 | @ Fenway Park | Elo 1565 v 1432; model wt 50%,,,,4 injury/lineup headline(s) in last 7d,0,,,,,,,,,,L,2026-09-10T11:13Z,,,,0
2026-09-09,13:13,mlb,KXMLBGAME-26SEP091840NYMMIA,New York M @ Miami,New York M,away,LEAN,0.532,0.501,0.47,0.031,0.48,0.0,1521.0,1474.4,1.0,form Miami LLWLL / New York M WLWWW | H2H Miami 3-3 | @ loanDepot park | Elo 1474 v 1521; model wt 50%,,,,4 injury/lineup headline(s) in last 7d,0,,,,,,,,,,W,2026-09-10T11:13Z,,,,0
2026-09-09,13:13,mlb,KXMLBGAME-26SEP091835CLEBAL,Cleveland @ Baltimore,Baltimore,home,LEAN,0.529,0.509,0.49,0.02,0.49,0.0,1496.6,1500.4,1.0,form Baltimore LLLWL / Cleveland WLWLW | H2H Baltimore 1-1 | @ Oriole Park at Camden Yards | Elo 1497 v 1500; model wt 50%,,,,6 injury/lineup headline(s) in last 7d,0,,,,,,,,,,W,2026-09-10T11:13Z,,,,0
2026-09-09,13:13,mlb,KXMLBGAME-26SEP091840HOUPHI,Houston @ Philadelphia,Philadelphia,home,LEAN,0.554,0.574,0.595,-0.021,0.6,0.0,1530.0,1516.4,1.0,form Philadelphia LWLWL / Houston WWLLW | H2H Philadelphia 0-1 | @ Citizens Bank Park | wx 73°F wind 5mph | Elo 1530 v 1516; model wt 50%,,,,4 injury/lineup headline(s) in last 7d,0,,,,,,,,,,W,2026-09-10T11:13Z,,,,0
2026-09-09,13:13,mlb,KXMLBGAME-26SEP091610WSHSD,Washington @ San Diego,San Diego,home,LEAN,0.646,0.637,0.629,0.009,0.64,0.0,1524.6,1444.1,1.0,form San Diego WLWWW / Washington LLLLL | H2H San Diego 2-0 | @ Petco Park | wx 78°F wind 2mph | Elo 1525 v 1444; model wt 50%,,,,6 injury/lineup headline(s) in last 7d,0,,,,,,,,,,W,2026-09-10T11:13Z,,,,0
2026-09-09,13:13,mlb,KXMLBGAME-26SEP091610TEXSEA,Texas @ Seattle,Seattle,home,LEAN,0.502,0.54,0.579,-0.039,0.59,0.0,1467.7,1490.6,1.0,form Seattle LLLWL / Texas WLLWW | H2H Seattle 1-4 | @ T-Mobile Park | Elo 1468 v 1491; model wt 50%,,,,6 injury/lineup headline(s) in last 7d,0,,,,,,,,,,W,2026-09-10T11:13Z,,,,0
2026-09-09,13:13,mlb,KXMLBGAME-26SEP091545STLSF,St. Louis @ San Francisco,St. Louis,away,LEAN,0.474,0.51,0.545,-0.035,0.55,0.0,1475.0,1468.8,1.0,form San Francisco LWLWW / St. Louis WLWLL | H2H San Francisco 2-0 | @ Oracle Park | Elo 1469 v 1475; model wt 50%,,,,5 injury/lineup headline(s) in last 7d,0,,,,,,,,,,L,2026-09-10T11:13Z,,,,0
2026-09-09,13:13,mlb,KXMLBGAME-26SEP091505TORATH,Toronto @ A's,Toronto,away,LEAN,0.607,0.621,0.635,-0.014,0.64,0.0,1530.7,1431.5,1.0,form A's WWLWL / Toronto WWLLW | H2H A's 1-1 | @ Sutter Health Park | Elo 1432 v 1531; model wt 50%,,,,3 injury/lineup headline(s) in last 7d,0,,,,,,,,,,L,2026-09-10T11:13Z,,,,0
2026-09-09,13:14,mlb,KXMLBGAME-26SEP091310MINDET,Minnesota @ Detroit,Detroit,home,LEAN,0.531,0.538,0.545,-0.007,0.55,0.0,1480.7,1483.4,1.0,form Detroit LWLWL / Minnesota LWLLW | H2H Detroit 2-3 | @ Comerica Park | Elo 1481 v 1483; model wt 50%,,,,5 injury/lineup headline(s) in last 7d,0,,,,,,,,,,W,2026-09-10T11:13Z,,,,0
2026-09-09,13:14,mls,KXMLSGAME-26SEP09VANLAG,Los Angeles G @ Vancouver,Los Angeles G,away,EDGE,0.467,0.172,0.116,0.056,0.12,0.15,1483.5,1502.1,0.32,form Los Angeles G LWDLW / Vancouver WLWWL | Elo 1484 v 1502; model wt 16%,,,,3 injury/lineup headline(s) in last 7d,0,,,,,,,,,,L,2026-09-10T11:13Z,,,,-0.15
2026-09-09,13:14,mls,KXMLSGAME-26SEP09SDSJ,San Jose @ San Diego FC,San Diego FC,home,LEAN,0.405,0.521,0.543,-0.022,0.54,0.0,1511.7,1451.8,0.32,form San Jose LLLDD / San Diego FC WLWWL | @ Snapdragon Stadium | Elo 1452 v 1512; model wt 16%,,,,6 injury/lineup headline(s) in last 7d,0,,,,,,,,,,L,2026-09-10T11:13Z,,,,0
2026-09-09,13:14,mls,KXMLSGAME-26SEP09PORSTL,Saint Louis @ Portland,Saint Louis,away,LEAN,0.494,0.384,0.36,0.024,0.37,0.0,1557.2,1526.1,0.36,form Saint Louis WDWDW / Portland LWDLW | Elo 1557 v 1526; model wt 18%,,,,3 injury/lineup headline(s) in last 7d,0,,,,,,,,,,L,2026-09-10T11:13Z,,,,0
2026-09-09,13:14,mls,KXMLSGAME-26SEP09LAFCNYRB,New York RB @ Los Angeles F,New York RB,away,EDGE,0.42,0.181,0.136,0.045,0.14,0.12,1461.3,1506.0,0.32,form New York RB LLDLD / Los Angeles F LLDDD | Elo 1461 v 1506; model wt 16%,,,,0 injury/lineup headline(s) in last 7d,0,,,,,,,,,,L,2026-09-10T11:13Z,,,,-0.12
2026-09-09,13:14,mls,KXMLSGAME-26SEP09MINDAL,Dallas @ Minnesota,Minnesota,home,LEAN,0.267,0.461,0.497,-0.037,0.5,0.0,1478.4,1509.5,0.32,form Dallas WWLDW / Minnesota DLWDL | @ Allianz Field | Elo 1510 v 1478; model wt 16%,,,,6 injury/lineup headline(s) in last 7d,0,,,,,,,,,,L,2026-09-10T11:13Z,,,,0
2026-09-09,13:14,mls,KXMLSGAME-26SEP09HOURSL,Salt Lake @ Houston,Houston,home,LEAN,0.422,0.473,0.483,-0.01,0.49,0.0,1536.8,1453.1,0.32,form Salt Lake DLLLD / Houston WWLDD | @ Shell Energy Stadium | Elo 1453 v 1537; model wt 16%,,,,6 injury/lineup headline(s) in last 7d,0,,,,,,,,,,W,2026-09-10T11:13Z,,,,0
2026-09-09,13:14,mls,KXMLSGAME-26SEP09CHIMIA,Miami @ Chicago Fire,Chicago Fire,home,LEAN,0.323,0.415,0.433,-0.018,0.44,0.0,1510.6,1509.3,0.32,form Miami LDLWD / Chicago Fire WWDDD | H2H Miami 1-0 | @ Soldier Field | Elo 1509 v 1511; model wt 16%,,,,2 injury/lineup headline(s) in last 7d,0,,,,,,,,,,L,2026-09-10T11:13Z,,,,0
2026-09-09,13:14,mls,KXMLSGAME-26SEP09ATXCOL,Colorado @ Austin,Austin,home,LEAN,0.269,0.365,0.383,-0.018,0.39,0.0,1499.7,1516.2,0.32,form Colorado WWLWL / Austin LWDWD | H2H Colorado 1-0 | @ Q2 Stadium | Elo 1516 v 1500; model wt 16%,,,,4 injury/lineup headline(s) in last 7d,0,,,,,,,,,,L,2026-09-10T11:13Z,,,,0
2026-09-09,13:14,mls,KXMLSGAME-26SEP09TORNSH,Nashville @ Toronto,Nashville,away,LEAN,0.495,0.448,0.437,0.01,0.44,0.0,1549.3,1512.3,0.36,form Nashville WWWWD / Toronto WDWDD | @ BMO Field | Elo 1549 v 1512; model wt 18%,,,,5 injury/lineup headline(s) in last 7d,0,,,,,,,,,,L,2026-09-10T11:13Z,,,,0
2026-09-09,13:14,mls,KXMLSGAME-26SEP09PHICIN,Cincinnati @ Philadelphia,Philadelphia,home,LEAN,0.373,0.549,0.578,-0.029,0.58,0.0,1556.4,1508.1,0.28,form Cincinnati WDWDL / Philadelphia WDDWW | rest Cincinnati 11d / Philadelphia 4d | @ Subaru Park | Elo 1508 v 1556; model wt 14%,,,,5 injury/lineup headline(s) in last 7d,0,,,,,,,,,,W,2026-09-10T11:13Z,,,,0
2026-09-09,13:14,mls,KXMLSGAME-26SEP09NYCNE,New England @ New York City,New England,away,LEAN,0.433,0.369,0.357,0.012,0.36,0.0,1497.3,1500.7,0.32,form New England LWDWL / New York City LLDDD | H2H New England 0-0 | @ Citi Field | Elo 1497 v 1501; model wt 16%,,,,5 injury/lineup headline(s) in last 7d,0,,,,,,,,,,W,2026-09-10T11:13Z,,,,0
2026-09-09,13:14,mls,KXMLSGAME-26SEP09MTLCLT,Charlotte @ Montreal,Charlotte,away,LEAN,0.529,0.381,0.353,0.028,0.36,0.0,1530.5,1472.2,0.32,form Charlotte WDWWD / Montreal DWDLL | Elo 1530 v 1472; model wt 16%,,,,6 injury/lineup headline(s) in last 7d,0,,,,,,,,,,W,2026-09-10T11:13Z,,,,0
2026-09-09,13:14,mls,KXMLSGAME-26SEP09DCUCLB,Columbus @ DC United,DC United,home,LEAN,0.34,0.369,0.373,-0.005,0.38,0.0,1488.3,1472.7,0.28,form Columbus LLLLW / DC United DDLLD | rest Columbus 4d / DC United 11d | Elo 1473 v 1488; model wt 14%,,,,6 injury/lineup headline(s) in last 7d,0,,,,,,,,,,W,2026-09-10T11:13Z,,,,0
2026-09-09,13:14,mls,KXMLSGAME-26SEP09ATLORL,Orlando @ Atlanta,Atlanta,home,LEAN,0.274,0.416,0.443,-0.027,0.45,0.0,1492.4,1519.7,0.32,form Orlando DLWDW / Atlanta WWWLD | @ Mercedes-Benz Stadium | Elo 1520 v 1492; model wt 16%,,,,6 injury/lineup headline(s) in last 7d,0,,,,,,,,,,L,2026-09-10T11:13Z,,,,0
2026-09-09,13:14,ucl,KXUCLGAME-26SEP09NAPARS,Arsenal @ Napoli,Arsenal,away,LEAN,0.448,0.598,0.598,0.0,0.6,0.0,1500.0,1500.0,0.0,Elo 1500 v 1500; model wt 0%,,,,6 injury/lineup headline(s) in last 7d,0,,,,,,,,,,W,,,,,0
2026-09-09,13:14,ucl,KXUCLGAME-26SEP09SPOGAL,Galatasaray @ Sporting CP,Sporting CP,home,LEAN,0.312,0.562,0.562,0.0,0.57,0.0,1500.0,1500.0,0.0,Elo 1500 v 1500; model wt 0%,,,,6 injury/lineup headline(s) in last 7d,0,,,,,,,,,,W,2026-09-10T11:13Z,,,,0
2026-09-09,13:14,ucl,KXUCLGAME-26SEP09PSGSLO,Slovan Bratislava @ PSG,PSG,home,LEAN,0.365,0.95,0.95,0.0,0.95,0.0,1500.0,1532.9,0.0,form Slovan Bratislava DWWDD / PSG - | Elo 1533 v 1500; model wt 0%,,,,6 injury/lineup headline(s) in last 7d,0,,,,,,,,,,W,,,,,0
2026-09-09,13:14,ucl,KXUCLGAME-26SEP09LFCATM,Atletico @ Liverpool,Liverpool,home,LEAN,0.313,0.557,0.557,0.0,0.57,0.0,1500.0,1500.0,0.0,Elo 1500 v 1500; model wt 0%,,,,6 injury/lineup headline(s) in last 7d,0,,,,,,,,,,W,,,,,0
2026-09-09,13:14,ucl,KXUCLGAME-26SEP09VFBVIK,Viking @ Stuttgart,Stuttgart,home,LEAN,0.342,0.78,0.78,0.0,0.79,0.0,1500.0,1513.7,0.0,form Viking DW / Stuttgart - | Elo 1514 v 1500; model wt 0%,,,,6 injury/lineup headline(s) in last 7d,0,,,,,,,,,,W,,,,,0
2026-09-09,13:14,ucl,KXUCLGAME-26SEP09BARFEY,Feyenoord @ Barcelona,Barcelona,home,LEAN,0.396,0.91,0.91,0.0,0.91,0.0,1500.0,1500.0,0.0,Elo 1500 v 1500; model wt 0%,,,,6 injury/lineup headline(s) in last 7d,0,,,,,,,,,,W,,,,,0
2026-09-09,13:14,cpl,KXCPLMATCH-26SEP091900STLGAW,St. Lucia Kings @ Guyana Amazon Warriors,Guyana Amazon Warriors,home,LEAN,0.63,0.62,0.619,0.002,0.63,0.0,1558.4,1482.6,0.28,form Guyana Amazon Warriors WWWWL / St. Lucia Kings LWWLL | rest Guyana Amazon Warriors 1d / St. Lucia Kings 3d | H2H Guyana Amazon Warriors 1-0 | Elo 1558 v 1483; model wt 14%,,,,0 injury/lineup headline(s) in last 7d,0,,,,,,,,,,W,2026-09-10T11:14Z,,,,0
2026-09-10,11:13,wta,KXWTAMATCH-26SEP10GAURYB,Elena Rybakina vs Coco Gauff,Coco Gauff,neutral,LEAN,0.577,0.515,0.48,0.035,0.48,0.0,1724.0,1670.3,0.72,form Coco Gauff WWWWW / Elena Rybakina WWWWW | H2H Coco Gauff 0-1 | Elo 1724 v 1670; model wt 36%,0,edge,Coco Gauff,2 injury/lineup headline(s) in last 7d,0,,,,,,,,,,L,2026-09-11T13:11Z,0.485,2026-09-10T21:03Z,0.005,0
2026-09-10,11:13,wta,KXWTAMATCH-26SEP10SABPEG,Aryna Sabalenka vs Jessica Pegula,Aryna Sabalenka,neutral,LEAN,0.416,0.576,0.645,-0.069,0.65,0.0,1628.0,1686.8,0.6,form Jessica Pegula WWWWW / Aryna Sabalenka WWWWW | Elo 1687 v 1628; model wt 30%,0,disagreement,Jessica Pegula,2 injury/lineup headline(s) in last 7d,0,,,,,,,,,,W,2026-09-11T13:11Z,0.645,2026-09-10T21:03Z,-0.005,0
2026-09-10,11:13,nfl,KXNFLGAME-26SEP10SFLAR,San Francisco @ Los Angeles R,Los Angeles R,home,LEAN,0.6,0.643,0.645,-0.002,0.65,0.0,1522.7,1500.0,0.08,form Los Angeles R WW / San Francisco LW | @ Melbourne Cricket Ground | wx 52°F wind 4mph | Elo 1523 v 1500; model wt 4%,0,edge,Los Angeles R,6 injury/lineup headline(s) in last 7d,0,,"Rams Injury Report, Week 1 vs. 49ers: Aaron Donald only player ruled out among those listed; no designation for Myles Garrett",,,,,,,,L,2026-09-11T13:11Z,0.645,2026-09-10T21:03Z,-0.005,0
2026-09-10,11:13,mlb,KXMLBGAME-26SEP101940PITCWS,Pittsburgh @ Chicago WS,Chicago WS,home,LEAN,0.526,0.516,0.505,0.011,0.51,0.0,1503.1,1508.8,1.0,form Chicago WS WLWLL / Pittsburgh WLWWW | H2H Chicago WS 0-2 | @ Rate Field | wx 68°F wind 5mph | Elo 1503 v 1509; model wt 50%,0,edge,Chicago WS,3 injury/lineup headline(s) in last 7d,0,,Guillen brought to tears as White Sox plan to retire his No. 13,,,,,,,,L,2026-09-11T13:11Z,0.505,2026-09-10T21:03Z,-0.005,0
2026-09-10,11:13,mlb,KXMLBGAME-26SEP101905COLNYY,Colorado @ New York Y,New York Y,home,LEAN,0.669,0.707,0.745,-0.038,0.75,0.0,1534.6,1436.2,1.0,form New York Y LWLWW / Colorado LWLLL | H2H New York Y 2-0 | @ Yankee Stadium | wx 55°F wind 8mph | Elo 1535 v 1436; model wt 50%,0,edge,New York Y,6 injury/lineup headline(s) in last 7d,0,,,,,,,,,,W,2026-09-11T13:11Z,0.725,2026-09-10T21:03Z,-0.025,0
2026-09-10,11:13,mlb,KXMLBGAME-26SEP101610TEXSEA,Texas @ Seattle,Seattle,home,LEAN,0.517,0.526,0.535,-0.009,0.54,0.0,1471.7,1483.6,1.0,form Seattle LLWLW / Texas LLWWL | H2H Seattle 2-4 | @ T-Mobile Park | Elo 1472 v 1484; model wt 50%,0,edge,Seattle,6 injury/lineup headline(s) in last 7d,0,,,,,,,,,,W,2026-09-11T13:11Z,0.245,2026-09-10T21:03Z,-0.295,0
2026-09-10,11:13,mlb,KXMLBGAME-26SEP101305HOUPHI,Houston @ Philadelphia,Philadelphia,home,LEAN,0.569,0.6,0.632,-0.031,0.64,0.0,1534.1,1509.7,1.0,form Philadelphia WLWLW / Houston WLLWL | H2H Philadelphia 1-1 | @ Citizens Bank Park | Elo 1534 v 1510; model wt 50%,0,edge,Philadelphia,4 injury/lineup headline(s) in last 7d,0,,,,,,,,,,L,2026-09-10T21:03Z,0.625,2026-09-10T13:11Z,-0.015,0
2026-09-10,11:13,mlb,KXMLBGAME-26SEP101215TBATL,Tampa Bay @ Atlanta,Atlanta,home,LEAN,0.499,0.512,0.525,-0.013,0.53,0.0,1523.9,1548.6,1.0,form Atlanta LWLLL / Tampa Bay WWLWW | H2H Atlanta 0-2 | @ Truist Park | Elo 1524 v 1549; model wt 50%,0,edge,Tampa Bay,5 injury/lineup headline(s) in last 7d,0,,,,,,,,,,W,2026-09-10T21:03Z,0.525,2026-09-10T13:11Z,-0.005,0
2026-09-10,11:13,ucl,KXUCLGAME-26SEP10SLARCL,Lens @ Slavia Prague,Lens,away,LEAN,0.293,0.369,0.369,0.0,0.38,0.0,1500.0,1500.0,0.0,Elo 1500 v 1500; model wt 0%,0,edge,Slavia Prague,6 injury/lineup headline(s) in last 7d,0,,,,,,,,,,W,2026-09-11T13:14Z,0.375,2026-09-10T13:11Z,-0.005,0
2026-09-10,11:13,ucl,KXUCLGAME-26SEP10MUNSBH,Sabah Masazir @ Manchester United,Manchester United,home,LEAN,0.478,0.909,0.909,0.0,0.9,0.0,1500.0,1542.4,0.0,form Manchester United - / Sabah Masazir WLWLW | Elo 1500 v 1542; model wt 0%,0,edge,Manchester United,4 injury/lineup headline(s) in last 7d,0,,,,,,,,,,W,2026-09-10T21:03Z,0.895,2026-09-10T13:11Z,-0.005,0
2026-09-10,11:13,ucl,KXUCLGAME-26SEP10BMUBOG,Bodoe/Glimt @ Bayern Munich,Bayern Munich,home,LEAN,0.506,0.9,0.9,0.0,0.91,0.0,1500.0,1523.0,0.0,form Bayern Munich - / Bodoe/Glimt DDWW | Elo 1500 v 1523; model wt 0%,0,edge,Bayern Munich,2 injury/lineup headline(s) in last 7d,0,,,,,,,,,,W,2026-09-10T21:03Z,0.905,2026-09-10T13:11Z,-0.005,0
2026-09-10,11:14,ucl,KXUCLGAME-26SEP10COMRBL,Leipzig @ Como,Como,home,LEAN,0.46,0.552,0.552,0.0,0.56,0.0,1500.0,1500.0,0.0,Elo 1500 v 1500; model wt 0%,0,edge,Como,6 injury/lineup headline(s) in last 7d,0,,,,,,,,,,W,2026-09-10T21:03Z,0.555,2026-09-10T13:11Z,-0.005,0
2026-09-10,11:14,ucl,KXUCLGAME-26SEP10PSVSHA,Shakhtar @ Eindhoven,Eindhoven,home,LEAN,0.474,0.652,0.652,0.0,0.66,0.0,1500.0,1500.0,0.0,Elo 1500 v 1500; model wt 0%,0,edge,Eindhoven,5 injury/lineup headline(s) in last 7d,0,,,,,,,,,,L,2026-09-10T21:03Z,0.655,2026-09-10T13:11Z,-0.005,0
2026-09-10,11:14,ucl,KXUCLGAME-26SEP10FENROM,Roma @ Fenerbahce,Roma,away,LEAN,0.238,0.467,0.467,0.0,0.47,0.0,1500.0,1545.2,0.0,form Fenerbahce DWWDW / Roma - | Elo 1545 v 1500; model wt 0%,0,edge,Fenerbahce,6 injury/lineup headline(s) in last 7d,0,,,,,,,,,,L,2026-09-10T21:03Z,0.465,2026-09-10T13:11Z,-0.005,0
2026-09-10,11:14,cpl,KXCPLMATCH-26SEP101900SKNBAR,St. Kitts and Nevis Patriots @ Barbados Royals,Barbados Royals,home,LEAN,0.54,0.506,0.5,0.006,0.52,0.0,1481.1,1478.3,0.28,form Barbados Royals LLLLW / St. Kitts and Nevis Patriots LLWWL | H2H Barbados Royals 0-1 | Elo 1481 v 1478; model wt 14%,0,edge,Barbados Royals,0 injury/lineup headline(s) in last 7d,0,,,,,,,,,,W,2026-09-11T13:14Z,0.455,2026-09-10T21:03Z,-0.065,0
2026-09-11,13:11,atp,KXATPMATCH-26SEP11ZVEKHA,Alexander Zverev vs Karen Khachanov,Alexander Zverev,neutral,LEAN,0.605,0.765,0.795,-0.03,0.8,0.0,1622.3,1548.1,0.32,form Karen Khachanov WWWWW / Alexander Zverev WWWWW | Elo 1548 v 1622; model wt 16%,0,edge,Alexander Zverev,2 injury/lineup headline(s) in last 7d,0,,,,,,,,,,W,2026-09-12T13:09Z,0.835,2026-09-11T21:03Z,0.035,0
2026-09-11,13:11,atp,KXATPMATCH-26SEP11TIASHE,Frances Tiafoe vs Ben Shelton,Ben Shelton,neutral,LEAN,0.541,0.674,0.725,-0.051,0.73,0.0,1657.1,1628.2,0.56,form Ben Shelton WWWWW / Frances Tiafoe WWWWW | Elo 1657 v 1628; model wt 28%,0,disagreement,Ben Shelton,1 injury/lineup headline(s) in last 7d,0,,,,,,,,,,W,2026-09-12T13:09Z,0.725,2026-09-11T21:03Z,-0.005,0
2026-09-11,13:11,ncaaf,KXNCAAFGAME-26SEP11RUTGBC,Rutgers @ Boston College,Boston College,home,LEAN,0.58,0.599,0.599,-0.0,0.61,0.0,1490.1,1485.9,0.04,"form Boston College L / Rutgers L | rest Boston College 6d / Rutgers 8d | @ Alumni Stadium (Chestnut Hill, MA) | wx 68°F wind 9mph | Elo 1490 v 1486; model wt 2%",0,edge,Boston College,4 injury/lineup headline(s) in last 7d,0,,,,,,,,,,W,2026-09-12T13:09Z,0.605,2026-09-11T21:03Z,-0.005,0
2026-09-11,13:11,ncaaf,KXNCAAFGAME-26SEP11VILLLOU,Villanova @ Louisville,Louisville,home,LEAN,0.571,0.977,0.985,-0.008,0.99,0.0,1490.1,1500.1,0.04,form Louisville L / Villanova LW | @ L&N Federal Credit Union Stadium | wx 74°F wind 2mph | Elo 1490 v 1500; model wt 2%,0,edge,Louisville,3 injury/lineup headline(s) in last 7d,0,,,,,,,,,,W,2026-09-12T13:09Z,,,,0
2026-09-11,13:11,ncaaf,KXNCAAFGAME-26SEP11RICHNCST,Richmond @ North Carolina St.,North Carolina St.,home,LEAN,0.559,0.967,0.975,-0.008,0.98,0.0,1490.1,1524.0,0.04,form North Carolina St. L / Richmond WW | rest North Carolina St. 13d / Richmond 6d | Elo 1490 v 1524; model wt 2%,0,edge,North Carolina St.,1 injury/lineup headline(s) in last 7d,0,,,,,,,,,,W,2026-09-12T13:09Z,0.975,2026-09-11T21:03Z,-0.005,0
2026-09-11,13:11,ncaaf,KXNCAAFGAME-26SEP11MIZZKU,Missouri @ Kansas,Missouri,away,LEAN,0.415,0.66,0.665,-0.005,0.67,0.0,1510.3,1509.6,0.04,form Kansas W / Missouri W | @ David Booth Kansas Memorial Stadium | wx 67°F wind 5mph | Elo 1510 v 1510; model wt 2%,0,edge,Kansas,6 injury/lineup headline(s) in last 7d,0,,Missouri football RB depth takes another hit with season-ending injury,,,,,,,,W,2026-09-12T13:09Z,0.655,2026-09-11T21:03Z,-0.015,0
2026-09-11,13:12,mlb,KXMLBGAME-26SEP112215SDSF,San Diego @ San Francisco,San Diego,away,LEAN,0.542,0.556,0.569,-0.013,0.58,0.0,1528.2,1474.7,1.0,form San Francisco WLWWW / San Diego LWWWW | H2H San Francisco 1-3 | @ Oracle Park | Elo 1475 v 1528; model wt 50%,0,edge,San Diego,5 injury/lineup headline(s) in last 7d,0,,,,,,,,,,W,2026-09-12T13:19Z,0.565,2026-09-11T21:03Z,-0.015,0
2026-09-11,13:12,mlb,KXMLBGAME-26SEP112140TEXAZ,Texas @ Arizona,Arizona,home,LEAN,0.609,0.572,0.535,0.037,0.54,0.0,1531.7,1478.7,1.0,form Arizona WWWWL / Texas LWWLL | @ Chase Field | Elo 1532 v 1479; model wt 50%,0,edge,Arizona,6 injury/lineup headline(s) in last 7d,0,,,,,,,,,,W,2026-09-12T13:19Z,0.515,2026-09-11T21:03Z,-0.025,0
2026-09-11,13:12,mlb,KXMLBGAME-26SEP112140SEAATH,Seattle @ A's,Seattle,away,LEAN,0.52,0.558,0.595,-0.037,0.6,0.0,1476.5,1438.3,1.0,form A's WLWLW / Seattle LWLWW | H2H A's 3-1 | @ Sutter Health Park | Elo 1438 v 1476; model wt 50%,0,edge,Seattle,1 injury/lineup headline(s) in last 7d,0,,,,,,,,,,L,2026-09-12T13:19Z,0.595,2026-09-11T21:03Z,-0.005,0
2026-09-11,13:12,mlb,KXMLBGAME-26SEP112010CLEMIN,Cleveland @ Minnesota,Cleveland,away,LEAN,0.485,0.505,0.525,-0.02,0.53,0.0,1493.8,1479.9,1.0,form Minnesota WLLWL / Cleveland LWLWL | H2H Minnesota 4-3 | @ Target Field | Elo 1480 v 1494; model wt 50%,0,edge,Minnesota,6 injury/lineup headline(s) in last 7d,0,,,,,,,,,,W,2026-09-12T13:19Z,0.525,2026-09-11T21:03Z,-0.005,0
2026-09-11,13:13,mlb,KXMLBGAME-26SEP112015CWSSTL,Chicago WS @ St. Louis,Chicago WS,away,LEAN,0.5,0.503,0.505,-0.002,0.51,0.0,1497.8,1473.5,1.0,form St. Louis LWLLL / Chicago WS LWLLL | @ Busch Stadium | Elo 1473 v 1498; model wt 50%,0,edge,Chicago WS,6 injury/lineup headline(s) in last 7d,0,,,,,,,,,,L,2026-09-12T13:19Z,0.495,2026-09-11T21:03Z,-0.015,0
2026-09-11,13:13,mlb,KXMLBGAME-26SEP111945CINMIL,Cincinnati @ Milwaukee,Milwaukee,home,LEAN,0.624,0.624,0.625,-0.001,0.63,0.0,1550.7,1486.7,1.0,form Milwaukee LLWWW / Cincinnati WWLLL | H2H Milwaukee 4-3 | @ American Family Field | Elo 1551 v 1487; model wt 50%,0,edge,Milwaukee,0 injury/lineup headline(s) in last 7d,0,,,,,,,,,,W,2026-09-12T13:19Z,0.645,2026-09-11T21:03Z,0.015,0
2026-09-11,13:13,mlb,KXMLBGAME-26SEP111910HOUTB,Houston @ Tampa Bay,Tampa Bay,home,LEAN,0.575,0.595,0.615,-0.02,0.62,0.0,1543.6,1515.4,1.0,form Tampa Bay WLWWL / Houston LLWLW | H2H Tampa Bay 1-2 | @ Tropicana Field | Elo 1544 v 1515; model wt 50%,0,edge,Tampa Bay,3 injury/lineup headline(s) in last 7d,0,,,,,,,,,,W,2026-09-12T13:19Z,0.615,2026-09-11T21:03Z,-0.005,0
2026-09-11,13:13,mlb,KXMLBGAME-26SEP111905NYMNYY,New York M @ New York Y,New York Y,home,LEAN,0.553,0.554,0.555,-0.001,0.56,0.0,1537.9,1525.0,1.0,form New York Y WLWWW / New York M LWWWW | @ Yankee Stadium | Elo 1538 v 1525; model wt 50%,0,edge,New York Y,4 injury/lineup headline(s) in last 7d,0,,,,,,,,,,W,2026-09-12T13:19Z,0.545,2026-09-11T21:03Z,-0.015,0
2026-09-11,13:13,mlb,KXMLBGAME-26SEP111910LADMIA,Los Angeles D @ Miami,Los Angeles D,away,LEAN,0.552,0.608,0.663,-0.056,0.67,0.0,1530.4,1470.1,1.0,form Miami LWLLL / Los Angeles D WWWWW | @ loanDepot park | Elo 1470 v 1530; model wt 50%,0,rating,Los Angeles D,3 injury/lineup headline(s) in last 7d,0,,,,,,,,,,W,2026-09-12T13:19Z,0.655,2026-09-11T21:03Z,-0.015,0
2026-09-11,13:13,mlb,KXMLBGAME-26SEP111910KCBOS,Kansas City @ Boston,Boston,home,LEAN,0.619,0.632,0.645,-0.013,0.65,0.0,1557.9,1497.5,1.0,form Boston WWWLL / Kansas City LWLLW | @ Fenway Park | Elo 1558 v 1497; model wt 50%,0,edge,Boston,5 injury/lineup headline(s) in last 7d,0,,,,,,,,,,L,2026-09-12T13:19Z,0.645,2026-09-11T21:03Z,-0.005,0
2026-09-11,13:13,mlb,KXMLBGAME-26SEP111915PHIATL,Philadelphia @ Atlanta,Atlanta,home,LEAN,0.535,0.583,0.631,-0.048,0.63,0.0,1528.9,1528.4,1.0,form Atlanta WLLLW / Philadelphia LWLWL | H2H Atlanta 2-2 | @ Truist Park | Elo 1529 v 1528; model wt 50%,0,rating,Atlanta,4 injury/lineup headline(s) in last 7d,0,,,,,,,,,,W,2026-09-12T13:19Z,0.625,2026-09-11T21:03Z,-0.005,0
2026-09-11,13:13,mlb,KXMLBGAME-26SEP111907BALTOR,Baltimore @ Toronto,Toronto,home,LEAN,0.571,0.553,0.535,0.018,0.54,0.0,1527.1,1501.6,1.0,form Toronto WLLWL / Baltimore LLWLW | @ Rogers Centre | Elo 1527 v 1502; model wt 50%,0,edge,Toronto,6 injury/lineup headline(s) in last 7d,0,,,,,,,,,,L,2026-09-12T13:19Z,0.56,2026-09-11T21:03Z,0.02,0
2026-09-11,13:14,mlb,KXMLBGAME-26SEP111845LAAWSH,Los Angeles A @ Washington,Washington,home,LEAN,0.538,0.562,0.585,-0.023,0.59,0.0,1440.6,1438.1,1.0,form Washington LLLLL / Los Angeles A WLLWW | @ Nationals Park | Elo 1441 v 1438; model wt 50%,0,edge,Washington,3 injury/lineup headline(s) in last 7d,0,,,,,,,,,,W,2026-09-12T13:19Z,0.595,2026-09-11T21:03Z,0.005,0
2026-09-11,13:14,mlb,KXMLBGAME-26SEP111840COLDET,Colorado @ Detroit,Detroit,home,LEAN,0.61,0.618,0.625,-0.007,0.63,0.0,1486.9,1432.9,1.0,form Detroit WLWLW / Colorado WLLLL | @ Comerica Park | Elo 1487 v 1433; model wt 50%,0,edge,Detroit,4 injury/lineup headline(s) in last 7d,0,,,,,,,,,,W,2026-09-12T13:19Z,0.625,2026-09-11T21:03Z,-0.005,0
2026-09-11,13:14,mlb,KXMLBGAME-26SEP111420PITCHC,Pittsburgh @ Chicago C,Pittsburgh,away,EDGE,0.467,0.414,0.361,0.053,0.37,0.0,1514.0,1513.2,1.0,form Chicago C WLLLL / Pittsburgh LWWWW | H2H Chicago C 2-1 | @ Wrigley Field | wx 63°F wind 2mph | Elo 1513 v 1514; model wt 50%,0,,Chicago C,6 injury/lineup headline(s) in last 7d,0,,,,,,,,,,L,2026-09-12T13:19Z,0.005,2026-09-11T21:03Z,-0.365,0
2026-09-11,13:14,ligue1,KXLIGUE1GAME-26SEP11RENOLM,Marseille @ Stade Rennais,Stade Rennais,home,LEAN,0.501,0.474,0.473,0.002,0.48,0.0,1520.0,1487.7,0.12,form Stade Rennais DWW / Marseille WLL | @ Roazhon Park | Elo 1520 v 1488; model wt 6%,0,edge,Stade Rennais,6 injury/lineup headline(s) in last 7d,0,,,,,,,,,,W,2026-09-11T21:05Z,,,,0
2026-09-11,13:14,seriea,KXSERIEAGAME-26SEP11VENFIO,Fiorentina @ Venezia,Fiorentina,away,LEAN,0.273,0.376,0.383,-0.007,0.39,0.0,1465.2,1470.2,0.12,form Venezia LLL / Fiorentina LLL | @ Stadio Pier Luigi Penzo | Elo 1470 v 1465; model wt 6%,0,edge,Venezia,6 injury/lineup headline(s) in last 7d,0,,,,,,,,,,W,2026-09-11T21:05Z,,,,0
2026-09-11,13:14,bundesliga,KXBUNDESLIGAGAME-26SEP11UNISCH,Schalke @ Union Berlin,Union Berlin,home,LEAN,0.441,0.404,0.403,0.002,0.41,0.0,1488.8,1489.6,0.08,form Union Berlin DL / Schalke LD | @ Stadion An der Alten Försterei | Elo 1489 v 1490; model wt 4%,0,edge,Union Berlin,6 injury/lineup headline(s) in last 7d,0,,,,,,,,,,L,2026-09-11T21:05Z,,,,0
2026-09-11,13:14,cpl,KXCPLMATCH-26SEP111900TKRGAW,Trinbago Knight Riders @ Guyana Amazon Warriors,Guyana Amazon Warriors,home,LEAN,0.658,0.546,0.525,0.021,0.53,0.0,1568.5,1464.5,0.32,form Guyana Amazon Warriors WWWLW / Trinbago Knight Riders WLLLW | rest Guyana Amazon Warriors 2d / Trinbago Knight Riders 6d | H2H Guyana Amazon Warriors 1-0 | Elo 1568 v 1465; model wt 16%,0,edge,Guyana Amazon Warriors,0 injury/lineup headline(s) in last 7d,0,,,,,,,,,,W,2026-09-12T13:21Z,0.505,2026-09-11T21:05Z,-0.025,0
2026-09-12,13:09,wta,KXWTAMATCH-26SEP12LEPMEL,Nicole Melichar-Martinez vs Varvara Lepchenko,Varvara Lepchenko,neutral,LEAN,0.423,0.836,0.836,0.0,0.83,0.0,1446.0,1500.0,0.0,form Varvara Lepchenko WLLLL / Nicole Melichar-Martinez - | Elo 1446 v 1500; model wt 0%,0,edge,Nicole Melichar-Martinez,0 injury/lineup headline(s) in last 7d,0,,,,,,,,,,V,2026-09-12T21:03Z,,,,0
2026-09-12,13:09,wta,KXWTAMATCH-26SEP12BIEHIB,Nao Hibino vs Sofiia Bielinska,Nao Hibino,neutral,LEAN,0.502,0.875,0.875,0.0,0.88,0.0,1501.6,1500.0,0.0,form Sofiia Bielinska - / Nao Hibino LLWWL | Elo 1500 v 1502; model wt 0%,0,edge,Nao Hibino,0 injury/lineup headline(s) in last 7d,0,,,,,,,,,,W,2026-09-12T21:03Z,,,,0
2026-09-12,13:09,wta,KXWTAMATCH-26SEP12SHYSAN,Iryna Shymanovich vs Ana Sofia Sanchez,Iryna Shymanovich,neutral,LEAN,0.519,0.705,0.705,0.0,0.71,0.0,1513.2,1500.0,0.0,form Ana Sofia Sanchez - / Iryna Shymanovich WWLWL | Elo 1500 v 1513; model wt 0%,0,edge,Iryna Shymanovich,2 injury/lineup headline(s) in last 7d,0,,,,,,,,,,W,2026-09-13T13:10Z,0.855,2026-09-12T21:03Z,0.145,0
2026-09-12,13:09,wta,KXWTAMATCH-26SEP12LEAZAV,Katarina Zavatska vs Lea Ma,Katarina Zavatska,neutral,LEAN,0.523,0.561,0.561,0.0,0.56,0.0,1500.0,1484.0,0.0,form Lea Ma L / Katarina Zavatska - | Elo 1484 v 1500; model wt 0%,0,edge,Katarina Zavatska,0 injury/lineup headline(s) in last 7d,0,,,,,,,,,,L,2026-09-12T21:03Z,,,,0
2026-09-12,13:09,wta,KXWTAMATCH-26SEP12MONGAR,Carole Monnet vs Julia Garcia,Carole Monnet,neutral,LEAN,0.455,0.685,0.685,0.0,0.69,0.0,1468.7,1500.0,0.0,form Julia Garcia - / Carole Monnet WLLL | Elo 1500 v 1469; model wt 0%,0,edge,Julia Garcia,0 injury/lineup headline(s) in last 7d,0,,,,,,,,,,W,2026-09-12T21:03Z,,,,0
2026-09-12,13:09,wta,KXWTAMATCH-26SEP12PANSCO,Katrina Scott vs Alexandra Panova,Katrina Scott,neutral,LEAN,0.477,0.904,0.904,0.0,0.9,0.0,1484.0,1500.0,0.0,form Alexandra Panova - / Katrina Scott L | Elo 1500 v 1484; model wt 0%,0,edge,Alexandra Panova,0 injury/lineup headline(s) in last 7d,0,,,,,,,,,,W,2026-09-12T21:03Z,,,,0
2026-09-12,13:09,wta,KXWTAMATCH-26SEP12SORKOI,Sara Sorribes Tormo vs Ena Koike,Sara Sorribes Tormo,neutral,LEAN,0.455,0.77,0.77,0.0,0.78,0.0,1468.7,1500.0,0.0,form Ena Koike - / Sara Sorribes Tormo LL | Elo 1500 v 1469; model wt 0%,0,edge,Ena Koike,0 injury/lineup headline(s) in last 7d,0,,,,,,,,,,W,2026-09-12T21:03Z,,,,0
2026-09-12,13:09,wta,KXWTAMATCH-26SEP12MIMDOL,Mimi Xu vs Caroline Dolehide,Caroline Dolehide,neutral,LEAN,0.454,0.765,0.765,0.0,0.77,0.0,1468.2,1500.0,0.0,form Caroline Dolehide LL / Mimi Xu - | Elo 1468 v 1500; model wt 0%,0,edge,Mimi Xu,1 injury/lineup headline(s) in last 7d,0,,,,,,,,,,W,2026-09-12T21:03Z,,,,0
2026-09-12,13:09,wta,KXWTAMATCH-26SEP12OSULAB,Whitney Osuigwe vs Fernanda Labrana,Whitney Osuigwe,neutral,LEAN,0.456,0.895,0.895,0.0,0.9,0.0,1469.5,1500.0,0.0,form Fernanda Labrana - / Whitney Osuigwe LL | Elo 1500 v 1469; model wt 0%,0,edge,Fernanda Labrana,,,,,,,,,,,,W,2026-09-13T13:10Z,0.895,2026-09-12T21:03Z,-0.005,0
2026-09-12,13:09,wta,KXWTAMATCH-26SEP12SMITIK,Anastasia Tikhonova vs Alana Smith,Anastasia Tikhonova,neutral,LEAN,0.5,0.615,0.615,0.0,0.62,0.0,1500.0,1500.0,0.0,form Alana Smith WL / Anastasia Tikhonova - | Elo 1500 v 1500; model wt 0%,0,edge,Alana Smith,0 injury/lineup headline(s) in last 7d,0,,,,,,,,,,V,2026-09-12T21:03Z,,,,0
2026-09-12,13:09,wta,KXWTAMATCH-26SEP12KINROD,Victoria Rodriguez vs Hayu Kinoshita,Hayu Kinoshita,neutral,LEAN,0.5,0.809,0.815,-0.006,0.82,0.0,1483.3,1483.5,0.04,form Hayu Kinoshita L / Victoria Rodriguez L | Elo 1483 v 1483; model wt 2%,0,edge,Victoria Rodriguez,,,,,,,,,,,,W,2026-09-13T13:10Z,0.84,2026-09-12T21:03Z,0.02,0
2026-09-12,13:09,wta,KXWTAMATCH-26SEP12CANBRA,Ana Candiotto vs Cadence Brace,Cadence Brace,neutral,LEAN,0.454,0.906,0.906,0.0,0.92,0.0,1468.0,1500.0,0.0,form Cadence Brace LL / Ana Candiotto - | Elo 1468 v 1500; model wt 0%,0,edge,Ana Candiotto,0 injury/lineup headline(s) in last 7d,0,,,,,,,,,,W,2026-09-13T13:10Z,0.815,2026-09-12T21:03Z,-0.105,0
2026-09-12,13:09,wta,KXWTAMATCH-26SEP12PAQCAP,Chloe Paquet vs Martina Capurro Taborda,Chloe Paquet,neutral,LEAN,0.5,0.615,0.615,0.0,0.62,0.0,1500.0,1500.0,0.0,form Martina Capurro Taborda - / Chloe Paquet WL | Elo 1500 v 1500; model wt 0%,0,edge,Martina Capurro Taborda,,,,,,,,,,,,W,2026-09-13T13:10Z,0.625,2026-09-12T21:03Z,0.005,0
2026-09-12,13:09,wta,KXWTAMATCH-26SEP12YOUFUL,Xiaodi You vs Luiza Fullana,Xiaodi You,neutral,LEAN,0.476,0.753,0.753,0.0,0.75,0.0,1483.3,1500.0,0.0,form Luiza Fullana - / Xiaodi You L | Elo 1500 v 1483; model wt 0%,0,edge,Luiza Fullana,1 injury/lineup headline(s) in last 7d,0,,,,,,,,,,W,2026-09-13T13:10Z,,,,0
2026-09-12,13:09,wta,KXWTAMATCH-26SEP12BOSCAB,Lizette Cabrera vs Victoria Bosio,Lizette Cabrera,neutral,LEAN,0.5,0.685,0.685,0.0,0.69,0.0,1500.0,1500.0,0.0,Elo 1500 v 1500; model wt 0%,0,edge,Victoria Bosio,0 injury/lineup headline(s) in last 7d,0,,,,,,,,,,L,2026-09-13T13:10Z,0.435,2026-09-12T21:03Z,-0.255,0
2026-09-12,13:09,wta,KXWTAMATCH-26SEP12MIKVER,Antonia Vergara Rivera vs Justina Mikulskyte,Justina Mikulskyte,neutral,LEAN,0.5,0.785,0.785,0.0,0.79,0.0,1500.0,1500.0,0.0,Elo 1500 v 1500; model wt 0%,0,edge,Justina Mikulskyte,0 injury/lineup headline(s) in last 7d,0,,,,,,,,,,W,2026-09-13T13:10Z,0.985,2026-09-12T21:03Z,0.195,0
2026-09-12,13:09,wta,KXWTAMATCH-26SEP12SABRYB,Aryna Sabalenka vs Elena Rybakina,Aryna Sabalenka,neutral,LEAN,0.431,0.54,0.575,-0.035,0.58,0.0,1626.1,1674.6,0.48,form Elena Rybakina WWWWW / Aryna Sabalenka WWWWW | Elo 1675 v 1626; model wt 24%,0,edge,Elena Rybakina,0 injury/lineup headline(s) in last 7d,0,,,,,,,,,,L,2026-09-13T13:10Z,0.315,2026-09-12T21:03Z,-0.265,0
2026-09-12,13:09,ncaaf,KXNCAAFGAME-26SEP12ULLUSC,Louisiana @ USC,USC,home,LEAN,0.598,0.968,0.975,-0.008,0.99,0.0,1519.6,1510.3,0.04,form USC WW / Louisiana W | @ Los Angeles Memorial Coliseum | wx 71°F wind 1mph | Elo 1520 v 1510; model wt 2%,0,edge,USC,1 injury/lineup headline(s) in last 7d,0,,,,,,,,,,W,2026-09-13T13:12Z,0.985,2026-09-12T21:03Z,-0.005,0
2026-09-12,13:10,ncaaf,KXNCAAFGAME-26SEP12MTSTNEV,Montana St. @ Nevada,Montana St.,away,LEAN,0.434,0.594,0.597,-0.003,0.61,0.0,1523.9,1509.9,0.04,form Nevada W / Montana St. WW | @ Mackay Stadium | wx 55°F wind 1mph | Elo 1510 v 1524; model wt 2%,0,edge,Nevada,1 injury/lineup headline(s) in last 7d,0,,,,,,,,,,W,2026-09-13T13:12Z,0.645,2026-09-12T21:03Z,0.035,0
2026-09-12,13:10,ncaaf,KXNCAAFGAME-26SEP12SACFRES,Sacramento St. @ Fresno St.,Fresno St.,home,LEAN,0.572,0.879,0.885,-0.006,0.89,0.0,1490.4,1500.0,0.04,form Fresno St. L / Sacramento St. LW | @ Valley Children's Stadium | wx 66°F wind 5mph | Elo 1490 v 1500; model wt 2%,0,edge,Fresno St.,2 injury/lineup headline(s) in last 7d,0,,Fresno State starting safety Ryan Wilson expected out for season,,,,,,,,W,2026-09-13T13:12Z,0.885,2026-09-12T21:03Z,-0.005,0
2026-09-12,13:10,ncaaf,KXNCAAFGAME-26SEP12ARKUTAH,Arkansas @ Utah,Utah,home,LEAN,0.596,0.811,0.815,-0.004,0.82,0.0,1509.6,1510.3,0.04,form Utah W / Arkansas W | rest Utah 9d / Arkansas 7d | @ Rice-Eccles Stadium | wx 59°F wind 5mph | Elo 1510 v 1510; model wt 2%,0,edge,Utah,3 injury/lineup headline(s) in last 7d,0,,,,,,,,,,W,2026-09-13T13:12Z,0.815,2026-09-12T21:03Z,-0.005,0
2026-09-12,13:10,ncaaf,KXNCAAFGAME-26SEP12UNDPRST,North Dakota @ Portland St.,North Dakota,away,LEAN,0.476,0.936,0.955,-0.019,0.96,0.0,1519.9,1476.5,0.08,form Portland St. LL / North Dakota WW | Elo 1476 v 1520; model wt 4%,0,edge,Portland St.,0 injury/lineup headline(s) in last 7d,0,,,,,,,,,,W,2026-09-13T13:12Z,0.96,2026-09-12T21:03Z,0.0,0
2026-09-12,13:10,ncaaf,KXNCAAFGAME-26SEP12NDSUAFA,North Dakota St. @ Air Force,North Dakota St.,away,LEAN,0.427,0.523,0.525,-0.002,0.53,0.0,1519.1,1509.9,0.04,form Air Force W / North Dakota St. WW | @ Falcon Stadium | Elo 1510 v 1519; model wt 2%,0,edge,Air Force,2 injury/lineup headline(s) in last 7d,0,,,,,,,,,,W,2026-09-13T13:12Z,0.525,2026-09-12T21:03Z,-0.005,0
2026-09-12,13:10,ncaaf,KXNCAAFGAME-26SEP12TXSOUTEP,Texas Southern @ UTEP,UTEP,home,LEAN,0.584,0.948,0.955,-0.007,0.96,0.0,1490.1,1499.3,0.04,form UTEP L / Texas Southern WL | rest UTEP 8d / Texas Southern 6d | @ Sun Bowl | Elo 1490 v 1499; model wt 2%,0,edge,UTEP,0 injury/lineup headline(s) in last 7d,0,,,,,,,,,,W,2026-09-13T13:12Z,0.955,2026-09-12T21:03Z,-0.005,0
2026-09-12,13:10,ncaaf,KXNCAAFGAME-26SEP12SFAAC,Stephen F. Austin @ Abilene Christian,Stephen F. Austin,away,LEAN,0.475,0.559,0.563,-0.004,0.57,0.0,1523.2,1480.4,0.08,form Abilene Christian LL / Stephen F. Austin WW | Elo 1480 v 1523; model wt 4%,0,edge,Abilene Christian,2 injury/lineup headline(s) in last 7d,0,,,,,,,,,,W,2026-09-13T13:12Z,0.58,2026-09-12T21:03Z,0.01,0
2026-09-12,13:10,ncaaf,KXNCAAFGAME-26SEP12USMAUB,Southern Miss @ Auburn,Auburn,home,LEAN,0.585,0.967,0.975,-0.008,0.98,0.0,1509.9,1510.3,0.04,form Auburn W / Southern Miss W | @ Jordan-Hare Stadium | Elo 1510 v 1510; model wt 2%,0,edge,Auburn,3 injury/lineup headline(s) in last 7d,0,,,,,,,,,,W,2026-09-13T13:12Z,0.975,2026-09-12T21:03Z,-0.005,0
2026-09-12,13:11,ncaaf,KXNCAAFGAME-26SEP12FORCCAR,Fordham @ Coastal Carolina,Coastal Carolina,home,LEAN,0.604,0.968,0.975,-0.007,0.98,0.0,1490.1,1476.8,0.04,form Coastal Carolina L / Fordham LL | @ Brooks Stadium (SC) | Elo 1490 v 1477; model wt 2%,0,edge,Coastal Carolina,0 injury/lineup headline(s) in last 7d,0,,,,,,,,,,W,2026-09-13T13:12Z,0.985,2026-09-12T21:03Z,0.005,0
2026-09-12,13:11,ncaaf,KXNCAAFGAME-26SEP12TTUORST,Texas Tech @ Oregon St.,Texas Tech,away,LEAN,0.442,0.945,0.955,-0.01,0.96,0.0,1509.6,1490.1,0.04,form Oregon St. L / Texas Tech W | @ Reser Stadium | Elo 1490 v 1510; model wt 2%,0,edge,Oregon St.,6 injury/lineup headline(s) in last 7d,0,,,,,,,,,,W,2026-09-13T13:12Z,0.945,2026-09-12T21:03Z,-0.015,0
2026-09-12,13:11,ncaaf,KXNCAAFGAME-26SEP12GASOCLEM,Georgia Southern @ Clemson,Clemson,home,LEAN,0.558,0.897,0.904,-0.007,0.9,0.0,1490.1,1509.6,0.04,"form Clemson L / Georgia Southern W | @ Memorial Stadium (Clemson, SC) | Elo 1490 v 1510; model wt 2%",0,edge,Clemson,4 injury/lineup headline(s) in last 7d,0,,,,,,,,,,W,2026-09-13T13:12Z,0.905,2026-09-12T21:03Z,0.005,0
2026-09-12,13:11,ncaaf,KXNCAAFGAME-26SEP12ISUIOWA,Iowa St. @ Iowa,Iowa,home,LEAN,0.585,0.836,0.841,-0.005,0.85,0.0,1509.9,1510.4,0.04,form Iowa W / Iowa St. W | @ Kinnick Stadium | Elo 1510 v 1510; model wt 2%,0,edge,Iowa,4 injury/lineup headline(s) in last 7d,0,,,,,,,,,,W,2026-09-13T13:12Z,0.845,2026-09-12T21:03Z,-0.005,0
2026-09-12,13:12,ncaaf,KXNCAAFGAME-26SEP12NAVYFAU,Navy @ Florida Atlantic,Navy,away,LEAN,0.442,0.641,0.645,-0.004,0.65,0.0,1509.5,1490.1,0.04,form Florida Atlantic L / Navy W | @ Flagler Credit Union Stadium | Elo 1490 v 1509; model wt 2%,0,edge,Florida Atlantic,1 injury/lineup headline(s) in last 7d,0,,,,,,,,,,L,2026-09-13T13:12Z,0.645,2026-09-12T21:03Z,-0.005,0
2026-09-12,13:12,ncaaf,KXNCAAFGAME-26SEP12LTLSU,Louisiana Tech @ LSU,LSU,home,LEAN,0.586,0.977,0.985,-0.008,0.99,0.0,1509.9,1509.5,0.04,form LSU W / Louisiana Tech W | @ Tiger Stadium (LA) | wx 76°F wind 1mph | Elo 1510 v 1509; model wt 2%,0,edge,LSU,4 injury/lineup headline(s) in last 7d,0,,,,,,,,,,W,2026-09-13T13:12Z,,,,0
2026-09-12,13:12,ncaaf,KXNCAAFGAME-26SEP12SDSUUCLA,San Diego St. @ UCLA,UCLA,home,LEAN,0.592,0.811,0.815,-0.004,0.82,0.0,1514.1,1509.5,0.04,form UCLA W / San Diego St. W | @ Rose Bowl | wx 80°F wind 3mph | Elo 1514 v 1509; model wt 2%,0,edge,UCLA,2 injury/lineup headline(s) in last 7d,0,,,,,,,,,,W,2026-09-13T13:12Z,0.815,2026-09-12T21:03Z,-0.005,0
2026-09-12,13:12,ncaaf,KXNCAAFGAME-26SEP12VALPMURR,Valparaiso @ Murray St.,Murray St.,home,LEAN,0.517,0.839,0.846,-0.007,0.86,0.0,1476.5,1509.9,0.04,form Murray St. LL / Valparaiso W | rest Murray St. 7d / Valparaiso 14d | Elo 1476 v 1510; model wt 2%,0,edge,Murray St.,0 injury/lineup headline(s) in last 7d,0,,,,,,,,,,W,2026-09-13T13:12Z,0.865,2026-09-12T21:03Z,0.005,0
2026-09-12,13:12,ncaaf,KXNCAAFGAME-26SEP12SAMTNTC,Samford @ Tennessee Tech,Tennessee Tech,home,LEAN,0.64,0.933,0.945,-0.012,0.95,0.0,1524.1,1476.0,0.08,form Tennessee Tech WW / Samford LL | rest Tennessee Tech 7d / Samford 9d | Elo 1524 v 1476; model wt 4%,0,edge,Tennessee Tech,0 injury/lineup headline(s) in last 7d,0,,,,,,,,,,W,2026-09-13T13:12Z,0.945,2026-09-12T21:03Z,-0.005,0
2026-09-12,13:12,ncaaf,KXNCAAFGAME-26SEP12UNASELA,North Alabama @ Southeastern Louisiana,Southeastern Louisiana,home,LEAN,0.553,0.67,0.675,-0.005,0.68,0.0,1476.5,1499.7,0.08,form Southeastern Louisiana LL / North Alabama WL | Elo 1476 v 1500; model wt 4%,0,edge,Southeastern Louisiana,0 injury/lineup headline(s) in last 7d,0,,,,,,,,,,W,2026-09-13T13:12Z,0.665,2026-09-12T21:03Z,-0.015,0
2026-09-12,13:12,ncaaf,KXNCAAFGAME-26SEP12UTRGVNICH,UT Rio Grande Valley @ Nicholls St.,UT Rio Grande Valley,away,LEAN,0.415,0.658,0.668,-0.01,0.68,0.0,1499.7,1499.7,0.08,form Nicholls St. WL / UT Rio Grande Valley WL | Elo 1500 v 1500; model wt 4%,0,edge,Nicholls St.,0 injury/lineup headline(s) in last 7d,0,,,,,,,,,,L,2026-09-13T13:12Z,0.655,2026-09-12T21:03Z,-0.025,0
2026-09-12,13:12,ncaaf,KXNCAAFGAME-26SEP12USATULN,South Alabama @ Tulane,Tulane,home,LEAN,0.558,0.759,0.763,-0.004,0.76,0.0,1490.1,1509.5,0.04,form Tulane L / South Alabama W | @ Yulman Stadium | Elo 1490 v 1509; model wt 2%,0,edge,Tulane,3 injury/lineup headline(s) in last 7d,0,,,,,,,,,,W,2026-09-13T13:12Z,0.755,2026-09-12T21:03Z,-0.005,0
2026-09-12,13:12,ncaaf,KXNCAAFGAME-26SEP12LINWMOSU,Lindenwood @ Missouri St.,Missouri St.,home,LEAN,0.561,0.877,0.884,-0.006,0.88,0.0,1490.1,1499.3,0.04,form Missouri St. L / Lindenwood WL | rest Missouri St. 7d / Lindenwood 9d | @ Robert W. Plaster Stadium | Elo 1490 v 1499; model wt 2%,0,edge,Missouri St.,0 injury/lineup headline(s) in last 7d,0,,,,,,,,,,W,2026-09-13T13:12Z,0.875,2026-09-12T21:03Z,-0.005,0
2026-09-12,13:12,ncaaf,KXNCAAFGAME-26SEP12WCUCIN,Western Carolina @ Cincinnati,Cincinnati,home,LEAN,0.612,0.978,0.985,-0.007,0.99,0.0,1509.9,1491.0,0.04,form Cincinnati W / Western Carolina WLL | @ Nippert Stadium | wx 72°F wind 4mph precip | Elo 1510 v 1491; model wt 2%,0,edge,Cincinnati,3 injury/lineup headline(s) in last 7d,0,,,,,,,,,,W,2026-09-13T13:12Z,0.985,2026-09-12T21:03Z,-0.005,0
2026-09-12,13:13,ncaaf,KXNCAAFGAME-26SEP12TLSASHSU,Tulsa @ Sam Houston,Tulsa,away,LEAN,0.443,0.816,0.823,-0.008,0.82,0.0,1509.9,1490.1,0.04,form Sam Houston L / Tulsa W | @ Elliott T. Bowers Stadium | Elo 1490 v 1510; model wt 2%,0,edge,Sam Houston,3 injury/lineup headline(s) in last 7d,0,,,,,,,,,,W,2026-09-13T13:12Z,0.815,2026-09-12T21:03Z,-0.005,0
2026-09-12,13:13,ncaaf,KXNCAAFGAME-26SEP12UWGAARST,West Georgia @ Arkansas St.,Arkansas St.,home,LEAN,0.594,0.967,0.975,-0.008,0.98,0.0,1490.5,1476.5,0.04,form Arkansas St. L / West Georgia LL | rest Arkansas St. 7d / West Georgia 9d | @ Centennial Bank Stadium | Elo 1491 v 1476; model wt 2%,0,edge,Arkansas St.,0 injury/lineup headline(s) in last 7d,0,,,,,,,,,,W,2026-09-13T13:12Z,0.975,2026-09-12T21:03Z,-0.005,0
2026-09-12,13:13,ncaaf,KXNCAAFGAME-26SEP12TNSTAAMU,Tennessee St. @ Alabama A&M,Tennessee St.,away,LEAN,0.382,0.519,0.525,-0.006,0.53,0.0,1476.5,1500.0,0.08,form Alabama A&M LW / Tennessee St. LL | Elo 1500 v 1476; model wt 4%,0,edge,Alabama A&M,1 injury/lineup headline(s) in last 7d,0,,,,,,,,,,L,2026-09-13T13:12Z,0.595,2026-09-12T21:03Z,0.065,0
2026-09-12,13:13,ncaaf,KXNCAAFGAME-26SEP12BGSUNEB,Bowling Green @ Nebraska,Nebraska,home,LEAN,0.618,0.968,0.975,-0.007,0.98,0.0,1509.9,1486.3,0.04,"form Nebraska W / Bowling Green L | @ Memorial Stadium (Lincoln, NE) | Elo 1510 v 1486; model wt 2%",0,edge,Nebraska,3 injury/lineup headline(s) in last 7d,0,,Nebraska commit suspended for remainder of senior season; A look at Nebraska-Missouri volleyball suspended at Wrigley Field,,,,,,,,W,2026-09-13T13:12Z,0.975,2026-09-12T21:03Z,-0.005,0
2026-09-12,13:13,ncaaf,KXNCAAFGAME-26SEP12INSTEIU,Indiana St. @ Eastern Illinois,Indiana St.,away,LEAN,0.377,0.534,0.54,-0.007,0.54,0.0,1476.5,1503.6,0.08,form Eastern Illinois WL / Indiana St. LL | Elo 1504 v 1476; model wt 4%,0,edge,Eastern Illinois,0 injury/lineup headline(s) in last 7d,0,,,,,,,,,,W,2026-09-13T13:12Z,0.585,2026-09-12T21:03Z,0.045,0
2026-09-12,13:14,ncaaf,KXNCAAFGAME-26SEP12ILSTNIU,Illinois St. @ Northern Illinois,Illinois St.,away,LEAN,0.463,0.632,0.635,-0.003,0.64,0.0,1524.0,1490.1,0.04,form Northern Illinois L / Illinois St. WW | @ Huskie Stadium | Elo 1490 v 1524; model wt 2%,0,edge,Northern Illinois,1 injury/lineup headline(s) in last 7d,0,,,,,,,,,,W,2026-09-13T13:12Z,0.565,2026-09-12T21:03Z,-0.075,0
2026-09-12,13:14,ncaaf,KXNCAAFGAME-26SEP12GASTKENN,Georgia St. @ Kennesaw St.,Kennesaw St.,home,LEAN,0.585,0.742,0.745,-0.003,0.75,0.0,1509.5,1509.5,0.04,form Kennesaw St. W / Georgia St. W | @ Walens Family Field at Fifth Third Stadium | Elo 1509 v 1509; model wt 2%,0,edge,Kennesaw St.,0 injury/lineup headline(s) in last 7d,0,,,,,,,,,,L,2026-09-13T13:12Z,0.735,2026-09-12T21:03Z,-0.015,0
2026-09-12,13:14,ncaaf,KXNCAAFGAME-26SEP12ARPBALCN,Arkansas-Pine Bluff @ Alcorn St.,Alcorn St.,home,LEAN,0.574,0.731,0.738,-0.007,0.75,0.0,1499.7,1499.7,0.08,form Alcorn St. WL / Arkansas-Pine Bluff WL | rest Alcorn St. 7d / Arkansas-Pine Bluff 9d | Elo 1500 v 1500; model wt 4%,0,edge,Alcorn St.,0 injury/lineup headline(s) in last 7d,0,,,,,,,,,,W,2026-09-13T13:12Z,0.74,2026-09-12T21:03Z,-0.01,0
2026-09-12,13:14,ncaaf,KXNCAAFGAME-26SEP12MTUMRSH,Middle Tennessee @ Marshall,Marshall,home,LEAN,0.558,0.818,0.823,-0.005,0.82,0.0,1490.1,1509.5,0.04,form Marshall L / Middle Tennessee W | @ Joan C. Edwards Stadium | wx 74°F wind 3mph | Elo 1490 v 1509; model wt 2%,0,edge,Marshall,0 injury/lineup headline(s) in last 7d,0,,,,,,,,,,W,2026-09-13T13:12Z,0.815,2026-09-12T21:03Z,-0.005,0
2026-09-12,13:14,ncaaf,KXNCAAFGAME-26SEP12TARLMCNS,Tarleton St. @ McNeese,Tarleton St.,away,LEAN,0.453,0.888,0.906,-0.018,0.92,0.0,1523.7,1496.4,0.08,form McNeese LW / Tarleton St. WW | Elo 1496 v 1524; model wt 4%,0,edge,McNeese,0 injury/lineup headline(s) in last 7d,0,,,,,,,,,,W,2026-09-13T13:12Z,0.905,2026-09-12T21:03Z,-0.015,0
2026-09-12,13:14,ncaaf,KXNCAAFGAME-26SEP12TENNGT,Tennessee @ Georgia Tech,Tennessee,away,LEAN,0.437,0.803,0.811,-0.007,0.82,0.0,1510.3,1485.9,0.04,form Georgia Tech L / Tennessee W | rest Georgia Tech 9d / Tennessee 7d | @ Bobby Dodd Stadium | wx 73°F wind 6mph | Elo 1486 v 1510; model wt 2%,0,edge,Georgia Tech,3 injury/lineup headline(s) in last 7d,0,,Tennessee Football Player Suffers Season-Ending Injury During Game vs. Furman,,,,,,,,W,2026-09-13T13:12Z,0.805,2026-09-12T21:03Z,-0.015,0
2026-09-12,13:14,ncaaf,KXNCAAFGAME-26SEP12NWSTETAM,Northwestern St. @ East Texas A&M,East Texas A&M,home,LEAN,0.592,0.892,0.904,-0.012,0.9,0.0,1480.9,1476.5,0.08,form East Texas A&M LL / Northwestern St. LL | Elo 1481 v 1476; model wt 4%,0,edge,East Texas A&M,0 injury/lineup headline(s) in last 7d,0,,,,,,,,,,W,2026-09-13T13:12Z,0.9,2026-09-12T21:03Z,0.0,0
2026-09-12,13:14,ncaaf,KXNCAAFGAME-26SEP12SUUCSU,Southern Utah @ Colorado St.,Colorado St.,home,LEAN,0.598,0.909,0.915,-0.006,0.92,0.0,1509.9,1500.8,0.04,form Colorado St. W / Southern Utah LW | @ Canvas Stadium | wx 54°F wind 5mph | Elo 1510 v 1501; model wt 2%,0,edge,Colorado St.,0 injury/lineup headline(s) in last 7d,0,,,,,,,,,,W,2026-09-13T13:12Z,0.915,2026-09-12T21:03Z,-0.005,0
2026-09-12,13:14,ncaaf,KXNCAAFGAME-26SEP12SEMOSIU,Southeast Missouri St. @ Southern Illinois,Southern Illinois,home,LEAN,0.597,0.734,0.74,-0.006,0.75,0.0,1504.1,1503.6,0.08,form Southern Illinois LW / Southeast Missouri St. WL | rest Southern Illinois 9d / Southeast Missouri St. 7d | Elo 1504 v 1504; model wt 4%,0,edge,Southern Illinois,0 injury/lineup headline(s) in last 7d,0,,,,,,,,,,W,2026-09-13T13:12Z,0.74,2026-09-12T21:03Z,-0.01,0
2026-09-12,13:14,ncaaf,KXNCAAFGAME-26SEP12MONMWMU,Monmouth @ Western Michigan,Western Michigan,home,LEAN,0.571,0.948,0.955,-0.008,0.97,0.0,1490.1,1500.3,0.04,form Western Michigan L / Monmouth LW | @ Waldo Stadium | wx 65°F wind 4mph | Elo 1490 v 1500; model wt 2%,0,edge,Western Michigan,0 injury/lineup headline(s) in last 7d,0,,,,,,,,,,W,2026-09-13T13:12Z,0.965,2026-09-12T21:03Z,-0.005,0
2026-09-12,13:14,ncaaf,KXNCAAFGAME-26SEP12USDIDST,San Diego @ Idaho St.,Idaho St.,home,LEAN,0.636,0.949,0.955,-0.006,0.96,0.0,1523.7,1486.4,0.04,form Idaho St. WW / San Diego L | Elo 1524 v 1486; model wt 2%,0,edge,Idaho St.,0 injury/lineup headline(s) in last 7d,0,,,,,,,,,,W,2026-09-13T13:12Z,0.935,2026-09-12T21:03Z,-0.025,0
2026-09-12,13:14,ncaaf,KXNCAAFGAME-26SEP12CHSOCIT,Charleston Southern @ The Citadel,The Citadel,home,LEAN,0.619,0.534,0.53,0.004,0.53,0.0,1504.4,1480.4,0.08,form The Citadel LW / Charleston Southern LL | Elo 1504 v 1480; model wt 4%,0,edge,The Citadel,0 injury/lineup headline(s) in last 7d,0,,,,,,,,,,L,2026-09-13T13:12Z,0.555,2026-09-12T21:03Z,0.025,0
2026-09-12,13:14,ncaaf,KXNCAAFGAME-26SEP12BRYHAMP,Bryant @ Hampton,Bryant,away,LEAN,0.42,0.588,0.595,-0.007,0.6,0.0,1503.6,1499.7,0.08,form Hampton WL / Bryant WL | Elo 1500 v 1504; model wt 4%,0,edge,Hampton,1 injury/lineup headline(s) in last 7d,0,,,,,,,,,,W,2026-09-13T13:12Z,0.605,2026-09-12T21:03Z,0.005,0
2026-09-12,13:14,ncaaf,KXNCAAFGAME-26SEP12STNHUNH,Stonehill @ New Hampshire,New Hampshire,home,LEAN,0.557,0.81,0.821,-0.011,0.83,0.0,1480.4,1500.8,0.08,form New Hampshire LL / Stonehill LW | Elo 1480 v 1501; model wt 4%,0,edge,New Hampshire,1 injury/lineup headline(s) in last 7d,0,,,,,,,,,,W,2026-09-13T13:12Z,0.82,2026-09-12T21:03Z,-0.01,0
2026-09-12,13:14,ncaaf,KXNCAAFGAME-26SEP12NCATNCCU,North Carolina A&T @ North Carolina Central,North Carolina Central,home,LEAN,0.618,0.922,0.935,-0.013,0.94,0.0,1500.3,1476.5,0.08,form North Carolina Central LW / North Carolina A&T LL | Elo 1500 v 1476; model wt 4%,0,edge,North Carolina Central,0 injury/lineup headline(s) in last 7d,0,,,,,,,,,,W,2026-09-13T13:12Z,0.945,2026-09-12T21:03Z,0.005,0
2026-09-12,13:14,ncaaf,KXNCAAFGAME-26SEP12CHATEKY,Chattanooga @ Eastern Kentucky,Chattanooga,away,LEAN,0.442,0.598,0.604,-0.006,0.6,0.0,1499.9,1480.1,0.08,form Eastern Kentucky LL / Chattanooga WL | Elo 1480 v 1500; model wt 4%,0,edge,Eastern Kentucky,,,,,,,,,,,,L,2026-09-13T13:12Z,0.595,2026-09-12T21:03Z,-0.005,0
2026-09-12,13:14,ncaaf,KXNCAAFGAME-26SEP12WEBBLIB,Gardner-Webb @ Liberty,Liberty,home,LEAN,0.598,0.957,0.965,-0.007,0.96,0.0,1490.1,1480.8,0.04,form Liberty L / Gardner-Webb LL | @ Williams Stadium (VA) | Elo 1490 v 1481; model wt 2%,0,edge,Liberty,,,,,,,,,,,,W,2026-09-12T21:03Z,,,,0
2026-09-12,13:15,ncaaf,KXNCAAFGAME-26SEP12MEMBSU,Memphis @ Boise St.,Boise St.,home,LEAN,0.538,0.748,0.753,-0.004,0.75,0.0,1490.1,1523.5,0.04,form Boise St. L / Memphis WW | @ Albertsons Stadium | Elo 1490 v 1524; model wt 2%,0,edge,Boise St.,,,,,,,,,,,,W,2026-09-13T13:12Z,0.745,2026-09-12T21:03Z,-0.005,0
2026-09-12,13:15,ncaaf,KXNCAAFGAME-26SEP12FURMER,Furman @ Mercer,Mercer,home,LEAN,0.613,0.845,0.855,-0.01,0.86,0.0,1519.9,1499.7,0.08,form Mercer WW / Furman WL | Elo 1520 v 1500; model wt 4%,0,edge,Mercer,,,,,,,,,,,,L,2026-09-13T13:12Z,0.835,2026-09-12T21:03Z,-0.025,0
2026-09-12,13:15,ncaaf,KXNCAAFGAME-26SEP12BUFFFIU,Buffalo @ Florida International,Florida International,home,LEAN,0.546,0.77,0.775,-0.005,0.78,0.0,1490.1,1510.3,0.04,form Florida International L / Buffalo W | rest Florida International 7d / Buffalo 9d | @ Pitbull Stadium | wx 85°F wind 7mph | Elo 1490 v 1510; model wt 2%,0,edge,Florida International,,,,,,,,,,,,W,2026-09-13T13:12Z,0.775,2026-09-12T21:03Z,-0.005,0
2026-09-12,13:15,ncaaf,KXNCAAFGAME-26SEP12JVSTOHIO,Jacksonville St. @ Ohio,Ohio,home,LEAN,0.572,0.546,0.545,0.001,0.55,0.0,1490.1,1500.0,0.04,form Ohio L / Jacksonville St. LW | @ Peden Stadium | Elo 1490 v 1500; model wt 2%,0,edge,Ohio,,,,,,,,,,,,W,2026-09-13T13:12Z,0.545,2026-09-12T21:03Z,-0.005,0
2026-09-12,13:15,ncaaf,KXNCAAFGAME-26SEP12IWNAU,Incarnate Word @ Northern Arizona,Northern Arizona,home,LEAN,0.55,0.628,0.63,-0.002,0.64,0.0,1499.7,1509.9,0.04,form Northern Arizona WL / Incarnate Word W | rest Northern Arizona 7d / Incarnate Word 14d | Elo 1500 v 1510; model wt 2%,0,edge,Northern Arizona,,,,,,,,,,,,W,2026-09-13T13:12Z,0.63,2026-09-12T21:03Z,-0.01,0
2026-09-12,13:15,ncaaf,KXNCAAFGAME-26SEP12MOREPEAY,Morehead St. @ Austin Peay,Austin Peay,home,LEAN,0.579,0.969,0.985,-0.016,0.99,0.0,1499.7,1496.4,0.08,form Austin Peay WL / Morehead St. LW | rest Austin Peay 7d / Morehead St. 9d | Elo 1500 v 1496; model wt 4%,0,edge,Austin Peay,,,,,,,,,,,,W,2026-09-13T13:12Z,0.985,2026-09-12T21:03Z,-0.005,0
2026-09-12,13:15,ncaaf,KXNCAAFGAME-26SEP12MRMKME,Merrimack @ Maine,Maine,home,LEAN,0.612,0.783,0.79,-0.007,0.8,0.0,1503.6,1476.5,0.08,form Maine WL / Merrimack LL | rest Maine 7d / Merrimack 9d | Elo 1504 v 1476; model wt 4%,0,edge,Maine,,,,,,,,,,,,L,2026-09-13T13:12Z,0.785,2026-09-12T21:03Z,-0.015,0
2026-09-12,13:15,ncaaf,KXNCAAFGAME-26SEP12DELVAN,Delaware @ Vanderbilt,Vanderbilt,home,LEAN,0.575,0.908,0.915,-0.007,0.92,0.0,1510.3,1509.5,0.04,form Vanderbilt W / Delaware W | rest Vanderbilt 7d / Delaware 9d | @ FirstBank Stadium | Elo 1510 v 1509; model wt 2%,0,edge,Vanderbilt,,,,,,,,,,,,W,2026-09-13T13:12Z,0.965,2026-09-12T21:03Z,0.045,0
2026-09-12,13:15,ncaaf,KXNCAAFGAME-26SEP12LAMIDHO,Lamar @ Idaho,Idaho,home,LEAN,0.57,0.579,0.579,-0.0,0.59,0.0,1480.4,1499.7,0.08,form Idaho LL / Lamar WL | rest Idaho 9d / Lamar 7d | Elo 1480 v 1500; model wt 4%,0,edge,Idaho,,,,,,,,,,,,L,2026-09-13T13:12Z,0.55,2026-09-12T21:03Z,-0.04,0
2026-09-12,13:15,ncaaf,KXNCAAFGAME-26SEP12UNCOWYO,Northern Colorado @ Wyoming,Wyoming,home,LEAN,0.61,0.928,0.935,-0.007,0.94,0.0,1490.1,1472.7,0.04,form Wyoming L / Northern Colorado LL | @ War Memorial Stadium | Elo 1490 v 1473; model wt 2%,0,edge,Wyoming,,,,,,,,,,,,W,2026-09-13T13:12Z,0.935,2026-09-12T21:03Z,-0.005,0
2026-09-12,13:15,ncaaf,KXNCAAFGAME-26SEP12STETCOOK,Stetson @ Bethune-Cookman,Bethune-Cookman,home,LEAN,0.582,0.845,0.85,-0.005,0.86,0.0,1490.1,1500.3,0.04,form Bethune-Cookman L / Stetson LW | rest Bethune-Cookman 9d / Stetson 7d | Elo 1490 v 1500; model wt 2%,0,edge,Bethune-Cookman,,,,,,,,,,,,W,2026-09-13T13:12Z,0.745,2026-09-12T21:03Z,-0.115,0
2026-09-12,13:16,ncaaf,KXNCAAFGAME-26SEP12UCDSMU,UC Davis @ SMU,SMU,home,LEAN,0.556,0.957,0.965,-0.008,0.98,0.0,1514.4,1527.6,0.04,form SMU W / UC Davis WW | rest SMU 5d / UC Davis 7d | @ Gerald J. Ford Stadium | Elo 1514 v 1528; model wt 2%,0,edge,SMU,,,,,,,,,,,,W,2026-09-13T13:12Z,,,,0
2026-09-12,13:16,ncaaf,KXNCAAFGAME-26SEP12ALSTTROY,Alabama St. @ Troy,Troy,home,LEAN,0.572,0.918,0.925,-0.007,0.93,0.0,1509.9,1519.6,0.04,form Troy W / Alabama St. WW | @ Veterans Memorial Stadium (AL) | Elo 1510 v 1520; model wt 2%,0,edge,Troy,,,,,,,,,,,,W,2026-09-13T13:12Z,0.945,2026-09-12T21:03Z,0.015,0
2026-09-12,13:16,ncaaf,KXNCAAFGAME-26SEP12UNLVUNT,UNLV @ North Texas,UNLV,away,LEAN,0.429,0.582,0.585,-0.003,0.59,0.0,1500.1,1490.1,0.04,form North Texas L / UNLV LW | @ DATCU Stadium | Elo 1490 v 1500; model wt 2%,0,edge,North Texas,,,,,,,,,,,,L,2026-09-13T13:12Z,0.205,2026-09-12T21:03Z,-0.385,0
2026-09-12,13:16,ncaaf,KXNCAAFGAME-26SEP12ULMUAB,Louisiana-Monroe @ UAB,UAB,home,LEAN,0.597,0.752,0.755,-0.003,0.76,0.0,1490.1,1490.1,0.04,form UAB L / Louisiana-Monroe L | rest UAB 9d / Louisiana-Monroe 7d | Elo 1490 v 1490; model wt 2%,0,edge,UAB,,,,,,,,,,,,W,2026-09-13T13:12Z,0.48,2026-09-12T21:03Z,-0.28,0
2026-09-12,13:16,ncaaf,KXNCAAFGAME-26SEP12USUWASH,Utah St. @ Washington,Washington,home,LEAN,0.618,0.958,0.965,-0.007,0.97,0.0,1509.9,1486.3,0.04,form Washington W / Utah St. L | @ Husky Stadium | Elo 1510 v 1486; model wt 2%,0,edge,Washington,,,,,,,,,,,,W,2026-09-13T13:12Z,0.885,2026-09-12T21:03Z,-0.085,0
2026-09-12,13:17,ncaaf,KXNCAAFGAME-26SEP12RMUAKR,Robert Morris @ Akron,Akron,home,LEAN,0.55,0.957,0.965,-0.008,0.97,0.0,1490.1,1523.5,0.04,form Akron L / Robert Morris WW | rest Akron 9d / Robert Morris 7d | @ InfoCision Stadium | Elo 1490 v 1524; model wt 2%,0,edge,Akron,,,,,,,,,,,,W,2026-09-13T13:12Z,0.985,2026-09-12T21:03Z,0.015,0
2026-09-12,13:17,ncaaf,KXNCAAFGAME-26SEP12CALSYR,California @ Syracuse,Syracuse,home,LEAN,0.618,0.615,0.615,0.0,0.62,0.0,1509.6,1485.9,0.04,form Syracuse W / California L | @ JMA Wireless Dome | Elo 1510 v 1486; model wt 2%,0,edge,Syracuse,,,,,,,,,,,,L,2026-09-13T13:12Z,0.665,2026-09-12T21:03Z,0.045,0
2026-09-12,13:17,ncaaf,KXNCAAFGAME-26SEP12DUKEILL,Duke @ Illinois,Illinois,home,LEAN,0.597,0.673,0.675,-0.002,0.68,0.0,1509.9,1509.9,0.04,form Illinois W / Duke W | rest Illinois 9d / Duke 7d | @ Gies Memorial Stadium | wx 71°F wind 4mph | Elo 1510 v 1510; model wt 2%,0,edge,Illinois,,,,,,,,,,,,L,2026-09-13T13:12Z,0.84,2026-09-12T21:03Z,0.16,0
2026-09-12,13:17,ncaaf,KXNCAAFGAME-26SEP12CCSUTOL,Central Connecticut St. @ Toledo,Toledo,home,LEAN,0.564,0.977,0.985,-0.008,0.99,0.0,1490.1,1490.1,0.04,form Toledo L / Central Connecticut St. L | rest Toledo 8d / Central Connecticut St. 14d | Elo 1490 v 1490; model wt 2%,0,edge,Toledo,,,,,,,,,,,,W,2026-09-13T13:12Z,,,,0
2026-09-12,13:17,ncaaf,KXNCAAFGAME-26SEP12SHUMASS,Sacred Heart @ UMass,UMass,home,LEAN,0.63,0.929,0.935,-0.006,0.94,0.0,1514.1,1489.7,0.04,form UMass W / Sacred Heart L | rest UMass 9d / Sacred Heart 7d | Elo 1514 v 1490; model wt 2%,0,edge,UMass,,,,,,,,,,,,W,2026-09-13T13:12Z,,,,0
2026-09-12,13:17,ncaaf,KXNCAAFGAME-26SEP12UCFPITT,UCF @ Pittsburgh,Pittsburgh,home,LEAN,0.574,0.702,0.705,-0.003,0.71,0.0,1509.9,1509.9,0.04,form Pittsburgh W / UCF W | rest Pittsburgh 7d / UCF 9d | @ Acrisure Stadium | wx 71°F wind 2mph | Elo 1510 v 1510; model wt 2%,0,edge,Pittsburgh,,,,,,,,,,,,W,2026-09-13T13:12Z,0.72,2026-09-12T21:03Z,0.01,0
2026-09-12,13:17,ncaaf,KXNCAAFGAME-26SEP12ARIZBYU,Arizona @ BYU,BYU,home,LEAN,0.584,0.722,0.725,-0.003,0.73,0.0,1509.5,1510.3,0.04,form BYU W / Arizona W | @ LaVell Edwards Stadium | wx 64°F wind 3mph | Elo 1509 v 1510; model wt 2%,0,edge,BYU,,,,,,,,,,,,W,2026-09-13T13:12Z,0.625,2026-09-12T21:03Z,-0.105,0
2026-09-12,13:17,ncaaf,KXNCAAFGAME-26SEP12MSSTMINN,Mississippi St. @ Minnesota,Mississippi St.,away,LEAN,0.403,0.503,0.505,-0.002,0.51,0.0,1509.9,1510.4,0.04,form Minnesota W / Mississippi St. W | rest Minnesota 9d / Mississippi St. 7d | @ Huntington Bank Stadium | wx 63°F wind 12mph | Elo 1510 v 1510; model wt 2%,0,edge,Minnesota,,,,,,,,,,,,W,2026-09-13T13:12Z,0.935,2026-09-12T21:03Z,0.425,0
2026-09-12,13:17,ncaaf,KXNCAAFGAME-26SEP12MDCONN,Maryland @ UConn,Maryland,away,LEAN,0.415,0.799,0.807,-0.008,0.82,0.0,1510.3,1509.9,0.04,form UConn W / Maryland W | @ Pratt & Whitney Stadium | wx 60°F wind 2mph | Elo 1510 v 1510; model wt 2%,0,edge,UConn,,,,,,,,,,,,W,2026-09-13T13:12Z,0.91,2026-09-12T21:03Z,0.09,0
2026-09-12,13:17,ncaaf,KXNCAAFGAME-26SEP12EMUMSU,Eastern Michigan @ Michigan St.,Michigan St.,home,LEAN,0.606,0.879,0.885,-0.006,0.89,0.0,1509.9,1495.2,0.04,form Michigan St. W / Eastern Michigan WL | @ Spartan Stadium | wx 68°F wind 8mph | Elo 1510 v 1495; model wt 2%,0,edge,Michigan St.,,,,,,,,,,,,W,2026-09-13T13:12Z,0.945,2026-09-12T21:03Z,0.055,0
2026-09-12,13:17,ncaaf,KXNCAAFGAME-26SEP12ALAUK,Alabama @ Kentucky,Alabama,away,LEAN,0.414,0.768,0.775,-0.007,0.78,0.0,1509.9,1510.3,0.04,form Kentucky W / Alabama W | @ Kroger Field | wx 74°F wind 4mph | Elo 1510 v 1510; model wt 2%,0,edge,Kentucky,,,,,,,,,,,,W,2026-09-13T13:12Z,0.67,2026-09-12T21:03Z,-0.11,0
2026-09-12,13:17,ncaaf,KXNCAAFGAME-26SEP12WEBCOLO,Weber St. @ Colorado,Colorado,home,LEAN,0.611,0.978,0.985,-0.007,0.99,0.0,1514.1,1503.3,0.04,form Colorado W / Weber St. WL | rest Colorado 9d / Weber St. 7d | @ Folsom Field | Elo 1514 v 1503; model wt 2%,0,edge,Colorado,,,,,,,,,,,,W,2026-09-13T13:12Z,,,,0
2026-09-12,13:17,ncaaf,KXNCAAFGAME-26SEP12UTSATXST,UTSA @ Texas St.,Texas St.,home,LEAN,0.557,0.545,0.545,0.0,0.55,0.0,1490.1,1510.3,0.04,form Texas St. L / UTSA W | @ UFCU Stadium | Elo 1490 v 1510; model wt 2%,0,edge,Texas St.,,,,,,,,,,,,L,2026-09-13T13:12Z,0.61,2026-09-12T21:03Z,0.06,0
2026-09-12,13:17,ncaaf,KXNCAAFGAME-26SEP12DUQYSU,Duquesne @ Youngstown St.,Youngstown St.,home,LEAN,0.599,0.919,0.925,-0.007,0.94,0.0,1499.7,1490.1,0.04,form Youngstown St. WL / Duquesne L | Elo 1500 v 1490; model wt 2%,0,edge,Youngstown St.,,,,,,,,,,,,W,2026-09-13T13:12Z,,,,0
2026-09-12,13:18,ncaaf,KXNCAAFGAME-26SEP12STONBALL,Stony Brook @ Ball St.,Ball St.,home,LEAN,0.559,0.839,0.844,-0.006,0.85,0.0,1490.1,1500.7,0.04,form Ball St. L / Stony Brook LW | rest Ball St. 7d / Stony Brook 9d | @ Scheumann Stadium | Elo 1490 v 1501; model wt 2%,0,edge,Ball St.,,,,,,,,,,,,W,2026-09-13T13:12Z,,,,0
2026-09-12,13:18,ncaaf,KXNCAAFGAME-26SEP12WMLEH,William & Mary @ Lehigh,Lehigh,home,LEAN,0.591,0.785,0.793,-0.008,0.79,0.0,1527.6,1523.9,0.08,form Lehigh WW / William & Mary WW | Elo 1528 v 1524; model wt 4%,0,edge,Lehigh,,,,,,,,,,,,W,2026-09-13T13:12Z,,,,0
2026-09-12,13:18,ncaaf,KXNCAAFGAME-26SEP12EWUSDAK,Eastern Washington @ South Dakota,South Dakota,home,LEAN,0.617,0.845,0.855,-0.01,0.86,0.0,1523.2,1500.3,0.08,form South Dakota WW / Eastern Washington LW | Elo 1523 v 1500; model wt 4%,0,edge,South Dakota,,,,,,,,,,,,W,2026-09-13T13:12Z,,,,0
2026-09-12,13:18,ncaaf,KXNCAAFGAME-26SEP12DRKEUNI,Drake @ Northern Iowa,Northern Iowa,home,LEAN,0.603,0.815,0.819,-0.004,0.82,0.0,1489.7,1476.8,0.04,form Northern Iowa L / Drake LL | Elo 1490 v 1477; model wt 2%,0,edge,Northern Iowa,,,,,,,,,,,,W,2026-09-13T13:12Z,,,,0
2026-09-12,13:18,ncaaf,KXNCAAFGAME-26SEP12BUCKVMI,Bucknell @ VMI,Bucknell,away,LEAN,0.408,0.76,0.775,-0.015,0.78,0.0,1475.9,1480.4,0.08,form VMI LL / Bucknell LL | Elo 1480 v 1476; model wt 4%,0,edge,VMI,,,,,,,,,,,,W,2026-09-13T13:12Z,,,,0
2026-09-12,13:18,ncaaf,KXNCAAFGAME-26SEP12HCMOH,Holy Cross @ Miami (OH),Miami (OH),home,LEAN,0.604,0.968,0.975,-0.007,0.98,0.0,1490.1,1476.9,0.04,form Miami (OH) L / Holy Cross LL | @ Yager Stadium | Elo 1490 v 1477; model wt 2%,0,edge,Miami (OH),,,,,,,,,,,,W,2026-09-12T21:03Z,,,,0
2026-09-12,13:18,ncaaf,KXNCAAFGAME-26SEP12COLGCMU,Colgate @ Central Michigan,Central Michigan,home,LEAN,0.539,0.917,0.925,-0.008,0.93,0.0,1490.1,1523.1,0.04,form Central Michigan L / Colgate WW | @ Kelly/Shorts Stadium | wx 62°F wind 4mph | Elo 1490 v 1523; model wt 2%,0,edge,Central Michigan,,,,,,,,,,,,W,2026-09-12T21:03Z,,,,0
2026-09-12,13:18,ncaaf,KXNCAAFGAME-26SEP12CPSJSU,Cal Poly @ San Jose St.,San Jose St.,home,LEAN,0.565,0.901,0.915,-0.014,0.92,0.0,1504.8,1519.6,0.08,form San Jose St. LW / Cal Poly WW | Elo 1505 v 1520; model wt 4%,0,edge,San Jose St.,,,,,,,,,,,,W,2026-09-13T13:12Z,0.925,2026-09-12T21:03Z,0.005,0
2026-09-12,13:18,ncaaf,KXNCAAFGAME-26SEP12MRSTLAF,Marist @ Lafayette,Lafayette,home,LEAN,0.571,0.81,0.815,-0.005,0.82,0.0,1490.1,1500.3,0.04,form Lafayette L / Marist LW | Elo 1490 v 1500; model wt 2%,0,edge,Lafayette,,,,,,,,,,,,W,2026-09-13T13:12Z,,,,0
2026-09-12,13:18,ncaaf,KXNCAAFGAME-26SEP12APPECU,Appalachian St. @ East Carolina,East Carolina,home,LEAN,0.557,0.682,0.685,-0.003,0.69,0.0,1490.1,1510.4,0.04,form East Carolina L / Appalachian St. W | Elo 1490 v 1510; model wt 2%,0,edge,East Carolina,,,,,,,,,,,,L,2026-09-12T21:03Z,,,,0
2026-09-12,13:18,ncaaf,KXNCAAFGAME-26SEP12WSUKSU,Washington St. @ Kansas St.,Kansas St.,home,LEAN,0.613,0.88,0.885,-0.005,0.89,0.0,1510.3,1490.1,0.04,form Kansas St. W / Washington St. L | @ Bill Snyder Family Stadium | Elo 1510 v 1490; model wt 2%,0,edge,Kansas St.,,,,,,,,,,,,W,2026-09-12T21:03Z,,,,0
2026-09-12,13:18,ncaaf,KXNCAAFGAME-26SEP12ASUTXAM,Arizona St. @ Texas A&M,Texas A&M,home,LEAN,0.585,0.85,0.855,-0.005,0.86,0.0,1509.9,1510.4,0.04,form Texas A&M W / Arizona St. W | @ Kyle Field | Elo 1510 v 1510; model wt 2%,0,edge,Texas A&M,,,,,,,,,,,,W,2026-09-12T21:03Z,,,,0
2026-09-12,13:18,ncaaf,KXNCAAFGAME-26SEP12ALBYLIU,University at Albany @ LIU,University at Albany,away,LEAN,0.442,0.618,0.625,-0.007,0.63,0.0,1499.7,1480.4,0.08,form LIU LL / University at Albany WL | Elo 1480 v 1500; model wt 4%,0,edge,LIU,,,,,,,,,,,,W,2026-09-13T13:12Z,,,,0
2026-09-12,13:19,ncaaf,KXNCAAFGAME-26SEP12WOFKENT,Wofford @ Kent St.,Kent St.,home,LEAN,0.544,0.789,0.794,-0.005,0.8,0.0,1490.1,1519.2,0.04,form Kent St. L / Wofford WW | @ Zoeller Field at Dix Stadium | Elo 1490 v 1519; model wt 2%,0,edge,Kent St.,,,,,,,,,,,,W,2026-09-12T21:03Z,,,,0
2026-09-12,13:19,ncaaf,KXNCAAFGAME-26SEP12OREOKST,Oregon @ Oklahoma St.,Oregon,away,LEAN,0.443,0.925,0.935,-0.01,0.94,0.0,1509.9,1490.1,0.04,form Oklahoma St. L / Oregon W | @ Boone Pickens Stadium | Elo 1490 v 1510; model wt 2%,0,edge,Oklahoma St.,,,,,,,,,,,,L,2026-09-13T13:12Z,0.235,2026-09-12T21:03Z,-0.705,0
2026-09-12,13:19,ncaaf,KXNCAAFGAME-26SEP12ETSUUNC,East Tennessee St. @ North Carolina,North Carolina,home,LEAN,0.63,0.978,0.985,-0.007,0.99,0.0,1514.1,1496.4,0.04,form North Carolina W / East Tennessee St. LW | rest North Carolina 14d / East Tennessee St. 7d | @ Kenan Stadium | wx 78°F wind 2mph | Elo 1514 v 1496; model wt 2%,0,edge,North Carolina,,,,,,,,,,,,W,2026-09-12T21:03Z,,,,0
2026-09-12,13:19,ncaaf,KXNCAAFGAME-26SEP12PSUTEM,Penn St. @ Temple,Penn St.,away,LEAN,0.414,0.935,0.946,-0.011,0.96,0.0,1509.9,1510.4,0.04,form Temple W / Penn St. W | @ Lincoln Financial Field | wx 68°F wind 5mph | Elo 1510 v 1510; model wt 2%,0,edge,Temple,,,,,,,,,,,,W,2026-09-12T21:03Z,,,,0
2026-09-12,13:19,ncaaf,KXNCAAFGAME-26SEP12ELONURI,Elon @ Rhode Island,Rhode Island,home,LEAN,0.558,0.728,0.735,-0.007,0.74,0.0,1503.6,1523.2,0.08,form Rhode Island WL / Elon WW | Elo 1504 v 1523; model wt 4%,0,edge,Rhode Island,,,,,,,,,,,,W,2026-09-13T13:12Z,,,,0
2026-09-12,13:19,ncaaf,KXNCAAFGAME-26SEP12ODUVT,Old Dominion @ Virginia Tech,Virginia Tech,home,LEAN,0.585,0.899,0.905,-0.006,0.91,0.0,1509.6,1510.3,0.04,form Virginia Tech W / Old Dominion W | @ Lane Stadium | wx 70°F wind 4mph | Elo 1510 v 1510; model wt 2%,0,edge,Virginia Tech,,,,,,,,,,,,W,2026-09-12T21:03Z,,,,0
2026-09-12,13:19,ncaaf,KXNCAAFGAME-26SEP12USFARMY,South Florida @ Army,Army,home,LEAN,0.586,0.595,0.595,-0.0,0.6,0.0,1510.4,1509.9,0.04,form Army W / South Florida W | @ Michie Stadium | wx 75°F wind 5mph | Elo 1510 v 1510; model wt 2%,0,edge,Army,,,,,,,,,,,,L,2026-09-12T21:03Z,,,,0
2026-09-12,13:19,ncaaf,KXNCAAFGAME-26SEP12WAKEPUR,Wake Forest @ Purdue,Wake Forest,away,LEAN,0.415,0.582,0.585,-0.003,0.59,0.0,1509.9,1509.5,0.04,form Purdue W / Wake Forest W | @ Ross-Ade Stadium | wx 72°F wind 5mph | Elo 1509 v 1510; model wt 2%,0,edge,Purdue,,,,,,,,,,,,W,2026-09-12T21:03Z,,,,0
2026-09-12,13:19,ncaaf,KXNCAAFGAME-26SEP12OSUTEX,Ohio St. @ Texas,Texas,home,LEAN,0.585,0.526,0.525,0.001,0.53,0.0,1509.9,1509.9,0.04,form Texas W / Ohio St. W | @ DKR-Texas Memorial Stadium | wx 82°F wind 7mph | Elo 1510 v 1510; model wt 2%,0,edge,Texas,,,,,,,,,,,,W,2026-09-13T13:12Z,0.525,2026-09-12T21:03Z,-0.005,0
2026-09-12,13:19,ncaaf,KXNCAAFGAME-26SEP12OKLAMICH,Oklahoma @ Michigan,Oklahoma,away,LEAN,0.415,0.65,0.655,-0.005,0.66,0.0,1509.9,1509.9,0.04,form Michigan W / Oklahoma W | @ Michigan Stadium | Elo 1510 v 1510; model wt 2%,0,edge,Michigan,,,,,,,,,,,,L,2026-09-12T21:03Z,,,,0
2026-09-12,13:20,mlb,KXMLBGAME-26SEP122140SEAATH,Seattle @ A's,Seattle,away,LEAN,0.505,0.56,0.615,-0.055,0.62,0.0,1471.3,1443.5,1.0,form A's LWLWW / Seattle WLWWL | H2H A's 4-1 | @ Sutter Health Park | Elo 1444 v 1471; model wt 50%,0,rating,Seattle,,,,,,,,,,,,W,2026-09-13T13:12Z,0.605,2026-09-12T21:11Z,-0.015,0
2026-09-12,13:20,mlb,KXMLBGAME-26SEP122010TEXAZ,Texas @ Arizona,Arizona,home,LEAN,0.62,0.592,0.565,0.027,0.57,0.0,1535.6,1474.8,1.0,form Arizona WWWLW / Texas WWLLL | H2H Arizona 1-0 | @ Chase Field | Elo 1536 v 1475; model wt 50%,0,edge,Arizona,,,,,,,,,,,,L,2026-09-13T13:12Z,0.545,2026-09-12T21:11Z,-0.025,0
2026-09-12,13:20,mlb,KXMLBGAME-26SEP121915CWSSTL,Chicago WS @ St. Louis,St. Louis,home,LEAN,0.514,0.509,0.505,0.004,0.51,0.0,1478.5,1492.8,1.0,form St. Louis WLLLW / Chicago WS WLLLL | H2H St. Louis 1-0 | @ Busch Stadium | Elo 1478 v 1493; model wt 50%,0,edge,St. Louis,,,,,,,,,,,,L,2026-09-13T13:12Z,0.495,2026-09-12T21:11Z,-0.015,0
2026-09-12,13:20,mlb,KXMLBGAME-26SEP121910CINMIL,Cincinnati @ Milwaukee,Milwaukee,home,LEAN,0.634,0.638,0.641,-0.004,0.64,0.0,1554.5,1483.0,1.0,form Milwaukee LWWWW / Cincinnati WLLLL | H2H Milwaukee 5-3 | @ American Family Field | Elo 1554 v 1483; model wt 50%,0,edge,Milwaukee,,,,,,,,,,,,W,2026-09-13T13:12Z,0.655,2026-09-12T21:11Z,0.015,0
2026-09-12,13:20,mlb,KXMLBGAME-26SEP121915PHIATL,Philadelphia @ Atlanta,Atlanta,home,LEAN,0.549,0.544,0.54,0.004,0.55,0.0,1533.6,1523.7,1.0,form Atlanta LLLWW / Philadelphia WLWLL | H2H Atlanta 3-2 | @ Truist Park | Elo 1534 v 1524; model wt 50%,0,edge,Atlanta,,,,,,,,,,,,W,2026-09-13T13:12Z,0.565,2026-09-12T21:11Z,0.015,0
2026-09-12,13:20,mlb,KXMLBGAME-26SEP121810HOUTB,Houston @ Tampa Bay,Tampa Bay,home,LEAN,0.586,0.579,0.572,0.007,0.58,0.0,1547.8,1511.2,1.0,form Tampa Bay LWWLW / Houston LWLWL | H2H Tampa Bay 2-2 | @ Tropicana Field | Elo 1548 v 1511; model wt 50%,0,edge,Tampa Bay,,,,,,,,,,,,W,2026-09-13T13:12Z,0.575,2026-09-12T21:11Z,-0.005,0
2026-09-12,13:20,mlb,KXMLBGAME-26SEP121610LADMIA,Los Angeles D @ Miami,Los Angeles D,away,LEAN,0.565,0.602,0.639,-0.037,0.65,0.0,1534.9,1465.6,1.0,form Miami WLLLL / Los Angeles D WWWWW | H2H Miami 0-1 | @ loanDepot park | Elo 1466 v 1535; model wt 50%,0,edge,Los Angeles D,,,,,,,,,,,,L,2026-09-13T13:12Z,0.465,2026-09-12T21:11Z,-0.185,0
2026-09-12,13:20,mlb,KXMLBGAME-26SEP121610CLEMIN,Cleveland @ Minnesota,Cleveland,away,LEAN,0.5,0.501,0.503,-0.001,0.51,0.0,1498.9,1474.8,1.0,form Minnesota LLWLL / Cleveland WLWLW | H2H Minnesota 4-4 | @ Target Field | Elo 1475 v 1499; model wt 50%,0,edge,Cleveland,,,,,,,,,,,,L,2026-09-13T13:12Z,0.185,2026-09-12T21:11Z,-0.325,0
2026-09-12,13:21,mlb,KXMLBGAME-26SEP121605SDSF,San Diego @ San Francisco,San Diego,away,LEAN,0.555,0.575,0.595,-0.02,0.6,0.0,1532.8,1470.1,1.0,form San Francisco LWWWL / San Diego WWWWW | H2H San Francisco 1-4 | @ Oracle Park | Elo 1470 v 1533; model wt 50%,0,edge,San Diego,,,,,,,,,,,,W,2026-09-13T13:12Z,0.735,2026-09-12T21:11Z,0.135,0
2026-09-12,13:21,mlb,KXMLBGAME-26SEP121605LAAWSH,Los Angeles A @ Washington,Washington,home,LEAN,0.551,0.533,0.515,0.018,0.52,0.0,1445.3,1433.5,1.0,form Washington LLLLW / Los Angeles A LLWWL | H2H Washington 1-0 | @ Nationals Park | wx 75°F wind 8mph | Elo 1445 v 1433; model wt 50%,0,edge,Washington,,,,,,,,,,,,W,2026-09-13T13:12Z,0.915,2026-09-12T21:11Z,0.395,0
2026-09-12,13:21,mlb,KXMLBGAME-26SEP121610KCBOS,Kansas City @ Boston,Boston,home,LEAN,0.602,0.624,0.645,-0.021,0.65,0.0,1551.7,1503.7,1.0,form Boston WWLLL / Kansas City WLLWW | H2H Boston 0-1 | @ Fenway Park | wx 63°F wind 3mph | Elo 1552 v 1504; model wt 50%,0,edge,Boston,,,,,,,,,,,,W,2026-09-13T13:12Z,0.79,2026-09-12T21:11Z,0.14,0
2026-09-12,13:21,mlb,KXMLBGAME-26SEP121507BALTOR,Baltimore @ Toronto,Toronto,home,LEAN,0.555,0.535,0.515,0.02,0.52,0.0,1521.4,1507.3,1.0,form Toronto LLWLL / Baltimore LWLWW | H2H Toronto 0-1 | @ Rogers Centre | Elo 1521 v 1507; model wt 50%,0,edge,Toronto,,,,,,,,,,,,W,2026-09-13T13:12Z,0.975,2026-09-12T21:11Z,0.455,0
2026-09-12,13:21,mlb,KXMLBGAME-26SEP121420PITCHC,Pittsburgh @ Chicago C,Chicago C,home,LEAN,0.547,0.541,0.535,0.006,0.54,0.0,1517.9,1509.4,1.0,form Chicago C LLLLW / Pittsburgh WWWWL | H2H Chicago C 3-1 | @ Wrigley Field | Elo 1518 v 1509; model wt 50%,0,edge,Chicago C,,,,,,,,,,,,W,2026-09-12T21:11Z,,,,0
2026-09-12,13:21,mlb,KXMLBGAME-26SEP121335NYMNYY,New York M @ New York Y,New York Y,home,LEAN,0.566,0.595,0.625,-0.03,0.63,0.0,1542.4,1520.5,1.0,form New York Y LWWWW / New York M WWWWL | H2H New York Y 1-0 | @ Yankee Stadium | Elo 1542 v 1521; model wt 50%,0,edge,New York Y,,,,,,,,,,,,L,2026-09-12T21:11Z,,,,0
2026-09-12,13:21,mlb,KXMLBGAME-26SEP121310COLDET,Colorado @ Detroit,Detroit,home,LEAN,0.621,0.618,0.615,0.003,0.62,0.0,1490.8,1429.0,1.0,form Detroit LWLWW / Colorado LLLLL | H2H Detroit 1-0 | @ Comerica Park | Elo 1491 v 1429; model wt 50%,0,edge,Detroit,,,,,,,,,,,,W,2026-09-12T21:11Z,,,,0
2026-09-12,13:21,epl,KXEPLGAME-26SEP12SUNARS,Arsenal @ Sunderland,Arsenal,away,LEAN,0.34,0.605,0.622,-0.017,0.63,0.0,1530.7,1502.0,0.12,form Sunderland LWD / Arsenal WWW | @ Stadium of Light | Elo 1502 v 1531; model wt 6%,0,edge,Sunderland,,,,,,,,,,,,W,2026-09-12T21:11Z,,,,0
2026-09-12,13:21,epl,KXEPLGAME-26SEP12TOTEVE,Everton @ Tottenham,Tottenham,home,LEAN,0.409,0.474,0.478,-0.004,0.49,0.0,1480.6,1508.4,0.12,form Tottenham LLD / Everton WDD | @ Tottenham Hotspur Stadium | Elo 1481 v 1508; model wt 6%,0,edge,Tottenham,,,,,,,,,,,,L,2026-09-12T21:11Z,,,,0
2026-09-12,13:21,epl,KXEPLGAME-26SEP12LFCFUL,Fulham @ Liverpool,Liverpool,home,LEAN,0.541,0.636,0.642,-0.006,0.65,0.0,1512.3,1465.4,0.12,form Liverpool DDW / Fulham LLL | @ Anfield | Elo 1512 v 1465; model wt 6%,0,edge,Liverpool,,,,,,,,,,,,L,2026-09-12T21:11Z,,,,0
2026-09-12,13:21,epl,KXEPLGAME-26SEP12CRYIPS,Ipswich Town @ Crystal Palace,Crystal Palace,home,LEAN,0.455,0.471,0.472,-0.001,0.47,0.0,1491.3,1486.7,0.12,form Crystal Palace LLW / Ipswich Town WLL | @ Selhurst Park | Elo 1491 v 1487; model wt 6%,0,edge,Crystal Palace,,,,,,,,,,,,L,2026-09-12T21:11Z,,,,0
2026-09-12,13:21,epl,KXEPLGAME-26SEP12CFCHUL,Hull City @ Chelsea,Chelsea,home,LEAN,0.504,0.776,0.793,-0.017,0.81,0.0,1512.6,1518.4,0.12,form Chelsea WWL / Hull City WWD | @ Stamford Bridge | Elo 1513 v 1518; model wt 6%,0,edge,Chelsea,,,,,,,,,,,,L,2026-09-12T21:11Z,,,,0
2026-09-12,13:21,epl,KXEPLGAME-26SEP12BOUBRE,Brentford @ Bournemouth,Bournemouth,home,LEAN,0.421,0.398,0.397,0.001,0.4,0.0,1492.0,1509.0,0.12,form Bournemouth LDD / Brentford WDD | @ Vitality Stadium | Elo 1492 v 1509; model wt 6%,0,edge,Bournemouth,,,,,,,,,,,,L,2026-09-12T21:11Z,,,,0
2026-09-12,13:21,epl,KXEPLGAME-26SEP12AVLNFO,Nottingham Forest @ Aston Villa,Aston Villa,home,LEAN,0.414,0.432,0.433,-0.0,0.44,0.0,1481.6,1497.6,0.04,form Aston Villa LLD / Nottingham Forest D | @ Villa Park | Elo 1482 v 1498; model wt 2%,0,edge,Aston Villa,,,,,,,,,,,,L,2026-09-12T21:11Z,,,,0
2026-09-12,13:21,ligue1,KXLIGUE1GAME-26SEP12PAROL,Lyon @ Paris FC,Paris FC,home,LEAN,0.44,0.376,0.373,0.003,0.38,0.0,1521.7,1518.5,0.08,form Paris FC WW / Lyon WDW | rest Paris FC 6d / Lyon 8d | @ Stade Jean Bouin | Elo 1522 v 1519; model wt 4%,0,edge,Paris FC,,,,,,,,,,,,L,2026-09-12T21:11Z,,,,0
2026-09-12,13:21,ligue1,KXLIGUE1GAME-26SEP12FCLTFC,Toulouse @ Lorient,Lorient,home,LEAN,0.458,0.401,0.397,0.004,0.4,0.0,1501.9,1477.4,0.12,form Lorient DLW / Toulouse LDL | rest Lorient 7d / Toulouse 9d | @ Stade du Moustoir - Yves Allainmat | Elo 1502 v 1477; model wt 6%,0,edge,Lorient,,,,,,,,,,,,L,2026-09-12T21:11Z,,,,0
2026-09-12,13:21,ligue1,KXLIGUE1GAME-26SEP12HACANG,Angers @ Le Havre,Le Havre,home,LEAN,0.417,0.357,0.353,0.004,0.36,0.0,1477.4,1487.6,0.12,form Le Havre LDL / Angers LWL | @ Stade Océane | Elo 1477 v 1488; model wt 6%,0,edge,Le Havre,,,,,,,,,,,,L,2026-09-12T21:11Z,,,,0
2026-09-12,13:21,ligue1,KXLIGUE1GAME-26SEP12AUXNIC,Nice @ Auxerre,Nice,away,LEAN,0.305,0.369,0.373,-0.004,0.38,0.0,1487.3,1469.6,0.12,form Auxerre LLL / Nice DLD | @ Stade de l'Abbé-Deschamps | Elo 1470 v 1487; model wt 6%,0,edge,Auxerre,,,,,,,,,,,,L,2026-09-12T21:11Z,,,,0
2026-09-12,13:21,ligue1,KXLIGUE1GAME-26SEP12RCSASM,Monaco @ Strasbourg Alsace,Monaco,away,LEAN,0.336,0.451,0.458,-0.007,0.47,0.0,1534.1,1513.6,0.12,form Strasbourg Alsace LWW / Monaco WWW | rest Strasbourg Alsace 6d / Monaco 8d | Elo 1514 v 1534; model wt 6%,0,edge,Strasbourg Alsace,,,,,,,,,,,,L,2026-09-12T21:11Z,,,,0
2026-09-12,13:21,seriea,KXSERIEAGAME-26SEP12ATACAG,Cagliari @ Atalanta,Atalanta,home,LEAN,0.462,0.566,0.572,-0.007,0.58,0.0,1508.7,1509.2,0.12,form Atalanta WWL / Cagliari WLW | rest Atalanta 7d / Cagliari 5d | @ New Balance Arena | Elo 1509 v 1509; model wt 6%,0,edge,Atalanta,,,,,,,,,,,,L,2026-09-12T21:11Z,,,,0
2026-09-12,13:21,seriea,KXSERIEAGAME-26SEP12SASJUV,Juventus @ Sassuolo,Juventus,away,LEAN,0.33,0.582,0.598,-0.016,0.6,0.0,1519.5,1501.0,0.12,form Sassuolo LWD / Juventus WWD | Elo 1501 v 1519; model wt 6%,0,edge,Sassuolo,,,,,,,,,,,,L,2026-09-13T23:00Z,0.595,2026-09-13T13:14Z,-0.005,0
2026-09-12,13:21,seriea,KXSERIEAGAME-26SEP12GENFRO,Frosinone @ Genoa,Frosinone,away,LEAN,0.348,0.489,0.498,-0.009,0.51,0.0,1508.7,1467.2,0.12,form Genoa LLL / Frosinone LWW | rest Genoa 8d / Frosinone 6d | @ Stadio Luigi Ferraris | Elo 1467 v 1509; model wt 6%,0,edge,Genoa,,,,,,,,,,,,L,2026-09-12T21:11Z,,,,0
2026-09-12,13:21,bundesliga,KXBUNDESLIGAGAME-26SEP12KOESVW,Bremen @ FC Köln,FC Köln,home,LEAN,0.449,0.467,0.467,-0.001,0.47,0.0,1499.4,1500.6,0.08,form FC Köln WL / Bremen LW | Elo 1499 v 1501; model wt 4%,0,edge,FC Köln,,,,,,,,,,,,L,2026-09-12T21:11Z,,,,0
2026-09-12,13:21,bundesliga,KXBUNDESLIGAGAME-26SEP12M05SGE,Frankfurt @ Mainz,Mainz,home,LEAN,0.495,0.546,0.548,-0.002,0.55,0.0,1510.8,1489.2,0.08,form Mainz DW / Frankfurt DL | @ MEWA ARENA | Elo 1511 v 1489; model wt 4%,0,edge,Mainz,,,,,,,,,,,,L,2026-09-12T21:11Z,,,,0
2026-09-12,13:21,bundesliga,KXBUNDESLIGAGAME-26SEP12FCALEV,Leverkusen @ Augsburg,Leverkusen,away,LEAN,0.275,0.503,0.512,-0.01,0.52,0.0,1500.2,1521.8,0.08,form Augsburg WW / Leverkusen LW | @ WWK Arena | Elo 1522 v 1500; model wt 4%,0,edge,Augsburg,,,,,,,,,,,,L,2026-09-12T21:11Z,,,,0
2026-09-12,13:21,bundesliga,KXBUNDESLIGAGAME-26SEP12SCFBMG,M´gladbach @ Freiburg,Freiburg,home,LEAN,0.526,0.57,0.572,-0.002,0.58,0.0,1521.8,1478.6,0.08,form Freiburg WW / M´gladbach LL | Elo 1522 v 1479; model wt 4%,0,edge,Freiburg,,,,,,,,,,,,W,2026-09-12T21:11Z,,,,0
2026-09-12,13:21,bundesliga,KXBUNDESLIGAGAME-26SEP12TSGVFB,Stuttgart @ Hoffenheim,Hoffenheim,home,LEAN,0.429,0.427,0.427,0.0,0.43,0.0,1478.6,1500.6,0.08,form Hoffenheim LL / Stuttgart LW | @ PreZero Arena | Elo 1479 v 1501; model wt 4%,0,edge,Hoffenheim,,,,,,,,,,,,W,2026-09-12T21:11Z,,,,0
2026-09-12,13:21,bundesliga,KXBUNDESLIGAGAME-26SEP12BVBPAD,Paderborn @ Dortmund,Dortmund,home,LEAN,0.551,0.762,0.771,-0.009,0.78,0.0,1521.4,1489.2,0.08,form Dortmund WW / Paderborn DL | @ Signal Iduna Park | Elo 1521 v 1489; model wt 4%,0,edge,Dortmund,,,,,,,,,,,,W,2026-09-12T21:11Z,,,,0
2026-09-12,13:21,mls,KXMLSGAME-26SEP12SJHOU,Houston @ San Jose,San Jose,home,LEAN,0.326,0.381,0.393,-0.012,0.4,0.0,1466.3,1545.7,0.36,form San Jose LLDDW / Houston WLDDW | H2H San Jose 0-0 | @ PayPal Park | Elo 1466 v 1546; model wt 18%,0,edge,Houston,,,,,,,,,,,,W,2026-09-13T13:14Z,0.385,2026-09-12T21:11Z,-0.015,0
2026-09-12,13:21,mls,KXMLSGAME-26SEP12LAGSEA,Seattle @ Los Angeles G,Los Angeles G,home,LEAN,0.472,0.442,0.435,0.007,0.44,0.0,1473.4,1442.2,0.36,form Los Angeles G WDLWL / Seattle LLDDD | rest Los Angeles G 3d / Seattle 7d | Elo 1473 v 1442; model wt 18%,0,edge,Los Angeles G,,,,,,,,,,,,L,2026-09-13T13:14Z,0.435,2026-09-12T21:11Z,-0.005,0
2026-09-12,13:21,mls,KXMLSGAME-26SEP12RSLNYC,New York City @ Salt Lake,Salt Lake,home,LEAN,0.386,0.469,0.487,-0.018,0.49,0.0,1448.4,1488.3,0.36,form Salt Lake LLLDL / New York City LDDDL | @ America First Field | Elo 1448 v 1488; model wt 18%,0,edge,Salt Lake,,,,,,,,,,,,L,2026-09-13T13:14Z,0.465,2026-09-12T21:11Z,-0.025,0
2026-09-12,13:21,mls,KXMLSGAME-26SEP12COLMTL,Montreal @ Colorado,Colorado,home,LEAN,0.538,0.587,0.598,-0.011,0.6,0.0,1514.9,1460.2,0.36,form Colorado WLWLD / Montreal WDLLL | Elo 1515 v 1460; model wt 18%,0,edge,Colorado,,,,,,,,,,,,W,2026-09-13T13:14Z,0.595,2026-09-12T21:11Z,-0.005,0
2026-09-12,13:21,mls,KXMLSGAME-26SEP12STLMIN,Minnesota @ Saint Louis,Saint Louis,home,LEAN,0.569,0.49,0.473,0.017,0.48,0.0,1556.9,1467.2,0.36,form Saint Louis DWDWD / Minnesota LWDLL | Elo 1557 v 1467; model wt 18%,0,edge,Saint Louis,,,,,,,,,,,,W,2026-09-13T13:14Z,0.465,2026-09-12T21:11Z,-0.015,0
2026-09-12,13:21,mls,KXMLSGAME-26SEP12SKCLAFC,Los Angeles F @ Kansas City,Los Angeles F,away,LEAN,0.398,0.541,0.572,-0.031,0.58,0.0,1515.7,1443.9,0.36,form Kansas City LDLLL / Los Angeles F LDDDW | rest Kansas City 7d / Los Angeles F 3d | H2H Kansas City 0-1 | Elo 1444 v 1516; model wt 18%,0,edge,Los Angeles F,,,,,,,,,,,,L,2026-09-13T13:14Z,0.575,2026-09-12T21:11Z,-0.005,0
2026-09-12,13:21,mls,KXMLSGAME-26SEP12DALPOR,Portland @ Dallas,Dallas,home,LEAN,0.472,0.524,0.535,-0.011,0.54,0.0,1529.2,1521.6,0.36,form Dallas WLDWW / Portland WDLWD | H2H Dallas 0-0 | @ Toyota Stadium | Elo 1529 v 1522; model wt 18%,0,edge,Dallas,,,,,,,,,,,,W,2026-09-13T13:14Z,0.535,2026-09-12T21:11Z,-0.005,0
2026-09-12,13:21,mls,KXMLSGAME-26SEP12ORLTOR,Toronto @ Orlando,Orlando,home,LEAN,0.466,0.512,0.522,-0.01,0.53,0.0,1528.5,1523.7,0.36,form Orlando LWDWW / Toronto DWDDW | @ Inter&Co Stadium | Elo 1529 v 1524; model wt 18%,0,edge,Orlando,,,,,,,,,,,,W,2026-09-13T13:14Z,0.525,2026-09-12T21:11Z,-0.005,0
2026-09-12,13:21,mls,KXMLSGAME-26SEP12MIANSH,Nashville @ Miami,Miami,home,LEAN,0.414,0.45,0.458,-0.008,0.47,0.0,1508.0,1537.6,0.36,form Miami DLWDD / Nashville WWWDL | H2H Miami 0-1 | @ Nu Stadium | Elo 1508 v 1538; model wt 18%,0,edge,Miami,,,,,,,,,,,,L,2026-09-13T13:14Z,0.475,2026-09-12T21:11Z,0.005,0
2026-09-12,13:21,mls,KXMLSGAME-26SEP12DCUATL,Atlanta @ DC United,DC United,home,LEAN,0.465,0.442,0.437,0.004,0.44,0.0,1495.6,1484.0,0.32,form DC United DLLDW / Atlanta WWLDL | Elo 1496 v 1484; model wt 16%,0,edge,DC United,,,,,,,,,,,,L,2026-09-13T13:14Z,0.435,2026-09-12T21:11Z,-0.005,0
2026-09-12,13:21,mls,KXMLSGAME-26SEP12CLBNYRB,New York RB @ Columbus,Columbus,home,LEAN,0.477,0.535,0.548,-0.013,0.55,0.0,1460.6,1450.6,0.36,form Columbus LLLWL / New York RB LDLDL | Elo 1461 v 1451; model wt 18%,0,edge,Columbus,,,,,,,,,,,,L,2026-09-13T13:14Z,0.535,2026-09-12T21:11Z,-0.015,0
2026-09-12,13:21,mls,KXMLSGAME-26SEP12CINCLT,Charlotte @ Cincinnati,Cincinnati,home,LEAN,0.397,0.456,0.467,-0.011,0.47,0.0,1498.7,1541.4,0.32,form Cincinnati DWDLL / Charlotte DWWDW | @ TQL Stadium | Elo 1499 v 1541; model wt 16%,0,edge,Cincinnati,,,,,,,,,,,,L,2026-09-13T13:14Z,0.465,2026-09-12T21:11Z,-0.005,0
2026-09-12,13:21,cpl,KXCPLMATCH-26SEP122000JAMBAR,Jamaica Kingsmen @ Barbados Royals,Barbados Royals,home,LEAN,0.517,0.538,0.542,-0.004,0.56,0.0,1494.0,1492.2,0.32,form Barbados Royals LLLWW / Jamaica Kingsmen WLWWL | rest Barbados Royals 2d / Jamaica Kingsmen 8d | H2H Barbados Royals 1-0 | Elo 1494 v 1492; model wt 16%,0,edge,Barbados Royals,,,,,,,,,,,,W,2026-09-13T13:14Z,0.575,2026-09-12T21:11Z,0.015,0
2026-09-12,21:03,wta,KXWTAMATCH-26SEP12URRTIK,Maria Florencia Urrutia vs Anastasia Tikhonova,Anastasia Tikhonova,neutral,LEAN,0.5,0.832,0.832,0.0,0.83,0.0,1500.0,1500.0,0.0,Elo 1500 v 1500; model wt 0%,0,edge,Anastasia Tikhonova,0 injury/lineup headline(s) in last 7d,0,,,,,,,,,,W,2026-09-13T13:10Z,,,,0
2026-09-13,13:10,atp,KXATPMATCH-26SEP13ZVESHE,Alexander Zverev vs Ben Shelton,Alexander Zverev,neutral,LEAN,0.447,0.545,0.579,-0.034,0.59,0.0,1634.9,1671.8,0.52,form Ben Shelton WWWWW / Alexander Zverev WWWWW | Elo 1672 v 1635; model wt 26%,0,edge,Ben Shelton,1 injury/lineup headline(s) in last 7d,0,,,,,,,,,,W,2026-09-13T23:00Z,0.855,2026-09-13T21:03Z,0.265,0
2026-09-13,13:10,wta,KXWTAMATCH-26SEP13OSUTIK,Anastasia Tikhonova vs Whitney Osuigwe,Whitney Osuigwe,neutral,LEAN,0.458,0.543,0.545,-0.002,0.55,0.0,1486.9,1516.0,0.04,form Whitney Osuigwe LLW / Anastasia Tikhonova W | Elo 1487 v 1516; model wt 2%,0,edge,Anastasia Tikhonova,0 injury/lineup headline(s) in last 7d,0,,,,,,,,,,W,2026-09-13T23:00Z,0.795,2026-09-13T21:03Z,0.245,0
2026-09-13,13:10,wta,KXWTAMATCH-26SEP13KINBRA,Hayu Kinoshita vs Cadence Brace,Cadence Brace,neutral,LEAN,0.48,0.523,0.525,-0.002,0.53,0.0,1485.5,1499.3,0.08,form Cadence Brace LLW / Hayu Kinoshita LW | Elo 1485 v 1499; model wt 4%,0,edge,Hayu Kinoshita,0 injury/lineup headline(s) in last 7d,0,,,,,,,,,,W,2026-09-13T23:00Z,0.525,2026-09-13T21:03Z,-0.005,0
2026-09-13,13:10,wta,KXWTAMATCH-26SEP13MIKPAQ,Chloe Paquet vs Justina Mikulskyte,Justina Mikulskyte,neutral,LEAN,0.5,0.51,0.51,-0.0,0.51,0.0,1516.0,1516.0,0.04,form Justina Mikulskyte W / Chloe Paquet WLW | Elo 1516 v 1516; model wt 2%,0,edge,Justina Mikulskyte,0 injury/lineup headline(s) in last 7d,0,,,,,,,,,,L,2026-09-13T21:03Z,,,,0
2026-09-13,13:10,wta,KXWTAMATCH-26SEP13YOUBOS,Xiaodi You vs Victoria Bosio,Xiaodi You,neutral,LEAN,0.477,0.769,0.775,-0.006,0.78,0.0,1500.1,1516.0,0.04,form Victoria Bosio W / Xiaodi You LW | Elo 1516 v 1500; model wt 2%,0,edge,Victoria Bosio,0 injury/lineup headline(s) in last 7d,0,,,,,,,,,,W,2026-09-13T21:03Z,,,,0
2026-09-13,13:10,wta,KXWTAMATCH-26SEP13SHYLEA,Iryna Shymanovich vs Lea Ma,Iryna Shymanovich,neutral,LEAN,0.54,0.631,0.635,-0.004,0.64,0.0,1528.6,1500.7,0.08,form Lea Ma LW / Iryna Shymanovich WLWLW | Elo 1501 v 1529; model wt 4%,0,edge,Iryna Shymanovich,1 injury/lineup headline(s) in last 7d,0,,,,,,,,,,W,2026-09-13T21:03Z,,,,0
2026-09-13,13:10,wta,KXWTAMATCH-26SEP13MONSCO,Katrina Scott vs Carole Monnet,Katrina Scott,neutral,LEAN,0.521,0.554,0.555,-0.001,0.56,0.0,1500.7,1486.2,0.08,form Carole Monnet WLLLW / Katrina Scott LW | Elo 1486 v 1501; model wt 4%,0,edge,Katrina Scott,0 injury/lineup headline(s) in last 7d,0,,,,,,,,,,L,2026-09-13T21:03Z,,,,0
2026-09-13,13:10,wta,KXWTAMATCH-26SEP13SORDOL,Sara Sorribes Tormo vs Caroline Dolehide,Caroline Dolehide,neutral,LEAN,0.499,0.533,0.535,-0.002,0.54,0.0,1485.7,1486.2,0.12,form Caroline Dolehide LLW / Sara Sorribes Tormo LLW | Elo 1486 v 1486; model wt 6%,0,edge,Sara Sorribes Tormo,3 injury/lineup headline(s) in last 7d,0,,,,,,,,,,W,2026-09-13T21:03Z,,,,0
2026-09-13,13:10,wta,KXWTAMATCH-26SEP13KICHIB,Nadiia Kichenok vs Nao Hibino,Nao Hibino,neutral,LEAN,0.502,0.917,0.926,-0.008,0.94,0.0,1517.5,1516.0,0.04,form Nao Hibino LWWLW / Nadiia Kichenok W | Elo 1517 v 1516; model wt 2%,0,edge,Nao Hibino,0 injury/lineup headline(s) in last 7d,0,,,,,,,,,,W,2026-09-13T21:03Z,,,,0
2026-09-13,13:10,wta,KXWTAMATCH-26SEP13PARLEP,Alycia Parks vs Varvara Lepchenko,Alycia Parks,neutral,LEAN,0.554,0.635,0.655,-0.02,0.66,0.0,1483.7,1446.0,0.4,form Varvara Lepchenko WLLLL / Alycia Parks LWWLL | Elo 1446 v 1484; model wt 20%,0,edge,Alycia Parks,0 injury/lineup headline(s) in last 7d,0,,,,,,,,,,W,2026-09-13T23:00Z,0.405,2026-09-13T21:03Z,-0.255,0
2026-09-13,13:10,wta,KXWTAMATCH-26SEP13MARTOW,Taylor Townsend vs Tatjana Maria,Taylor Townsend,neutral,LEAN,0.566,0.691,0.715,-0.024,0.72,0.0,1548.0,1501.9,0.32,form Tatjana Maria LWLWL / Taylor Townsend LWWWL | Elo 1502 v 1548; model wt 16%,0,edge,Taylor Townsend,0 injury/lineup headline(s) in last 7d,0,,,,,,,,,,W,2026-09-15T13:12Z,0.745,2026-09-14T21:03Z,0.025,0
2026-09-13,13:10,wta,KXWTAMATCH-26SEP13KALDAY,Elvina Kalieva vs Kayla Day,Kayla Day,neutral,LEAN,0.448,0.61,0.637,-0.027,0.65,0.0,1509.5,1546.1,0.28,form Kayla Day LWWLL / Elvina Kalieva LWWWL | Elo 1510 v 1546; model wt 14%,0,edge,Elvina Kalieva,0 injury/lineup headline(s) in last 7d,0,,,,,,,,,,W,2026-09-14T21:03Z,0.625,2026-09-14T13:13Z,-0.025,0
2026-09-13,13:10,wta,KXWTAMATCH-26SEP13JACSAM,Liudmila Samsonova vs Elsa Jacquemot,Liudmila Samsonova,neutral,LEAN,0.596,0.758,0.785,-0.027,0.79,0.0,1528.2,1460.9,0.28,form Elsa Jacquemot WLLLL / Liudmila Samsonova WLWLL | Elo 1461 v 1528; model wt 14%,0,edge,Liudmila Samsonova,1 injury/lineup headline(s) in last 7d,0,,,,,,,,,,W,2026-09-15T13:12Z,0.795,2026-09-14T21:03Z,0.005,0
2026-09-13,13:10,wta,KXWTAMATCH-26SEP13STEARA,Peyton Stearns vs Emiliana Arango,Peyton Stearns,neutral,LEAN,0.519,0.656,0.678,-0.022,0.69,0.0,1485.5,1472.2,0.28,form Emiliana Arango WWLLL / Peyton Stearns LLWLL | Elo 1472 v 1486; model wt 14%,0,edge,Peyton Stearns,0 injury/lineup headline(s) in last 7d,0,,,,,,,,,,W,2026-09-13T21:03Z,,,,0
2026-09-13,13:10,wta,KXWTAMATCH-26SEP13VIDTJE,Darja Vidmanova vs Janice Tjen,Janice Tjen,neutral,LEAN,0.398,0.53,0.555,-0.025,0.56,0.0,1472.4,1544.4,0.32,form Janice Tjen WLWLL / Darja Vidmanova WWWLL | Elo 1472 v 1544; model wt 16%,0,edge,Darja Vidmanova,0 injury/lineup headline(s) in last 7d,0,,,,,,,,,,W,2026-09-13T23:00Z,0.555,2026-09-13T21:03Z,-0.005,0
2026-09-13,13:10,wta,KXWTAMATCH-26SEP13BUCAND,Cristina Bucsa vs Bianca Andreescu,Bianca Andreescu,neutral,LEAN,0.475,0.529,0.535,-0.006,0.54,0.0,1489.6,1507.1,0.2,form Bianca Andreescu LLWWL / Cristina Bucsa WLWWL | Elo 1490 v 1507; model wt 10%,0,edge,Cristina Bucsa,0 injury/lineup headline(s) in last 7d,0,,,,,,,,,,L,2026-09-14T04:27Z,0.485,2026-09-13T23:00Z,-0.055,0
2026-09-13,13:10,wta,KXWTAMATCH-26SEP13UDVBOI,Panna Udvardy vs Lois Boisson,Lois Boisson,neutral,LEAN,0.515,0.603,0.615,-0.012,0.62,0.0,1496.2,1485.9,0.24,form Lois Boisson LWWLL / Panna Udvardy WLWLL | Elo 1496 v 1486; model wt 12%,0,edge,Lois Boisson,0 injury/lineup headline(s) in last 7d,0,,,,,,,,,,L,2026-09-14T04:27Z,0.125,2026-09-13T23:00Z,-0.495,0
2026-09-13,13:10,nfl,KXNFLGAME-26SEP13DALNYG,Dallas @ New York G,Dallas,away,LEAN,0.43,0.598,0.605,-0.007,0.61,0.0,1499.4,1500.0,0.08,form New York G LW / Dallas WL | @ MetLife Stadium | wx 69°F wind 6mph | Elo 1500 v 1499; model wt 4%,0,edge,New York G,6 injury/lineup headline(s) in last 7d,0,,,,,,,,,,L,2026-09-14T04:28Z,0.615,2026-09-13T23:00Z,0.005,0
2026-09-13,13:10,nfl,KXNFLGAME-26SEP13WASPHI,Washington @ Philadelphia,Philadelphia,home,LEAN,0.541,0.679,0.685,-0.006,0.69,0.0,1480.5,1500.0,0.08,form Philadelphia LL / Washington WL | @ Lincoln Financial Field | wx 71°F wind 7mph precip | Elo 1480 v 1500; model wt 4%,0,edge,Philadelphia,6 injury/lineup headline(s) in last 7d,0,,,,,,,,,,W,2026-09-14T04:28Z,0.795,2026-09-13T23:00Z,0.105,0
2026-09-13,13:10,nfl,KXNFLGAME-26SEP13MIALV,Miami @ Las Vegas,Las Vegas,home,LEAN,0.564,0.603,0.605,-0.002,0.61,0.0,1476.9,1479.9,0.08,form Las Vegas LL / Miami LL | @ Allegiant Stadium | Elo 1477 v 1480; model wt 4%,0,edge,Las Vegas,6 injury/lineup headline(s) in last 7d,0,,,,,,,,,,W,2026-09-14T04:28Z,0.975,2026-09-13T23:00Z,0.365,0
2026-09-13,13:10,nfl,KXNFLGAME-26SEP13GBMIN,Green Bay @ Minnesota,Minnesota,home,LEAN,0.572,0.546,0.545,0.001,0.55,0.0,1502.7,1500.3,0.08,form Minnesota WL / Green Bay LW | @ U.S. Bank Stadium | Elo 1503 v 1500; model wt 4%,0,edge,Minnesota,6 injury/lineup headline(s) in last 7d,0,,,,,,,,,,W,2026-09-14T04:28Z,0.265,2026-09-13T23:00Z,-0.285,0
2026-09-13,13:11,nfl,KXNFLGAME-26SEP13ARILAC,Arizona @ Los Angeles C,Los Angeles C,home,LEAN,0.581,0.804,0.813,-0.009,0.81,0.0,1500.0,1491.4,0.08,form Los Angeles C WL / Arizona LWL | @ SoFi Stadium | Elo 1500 v 1491; model wt 4%,0,edge,Los Angeles C,6 injury/lineup headline(s) in last 7d,0,,,,,,,,,,L,2026-09-14T04:28Z,0.215,2026-09-13T23:00Z,-0.595,0
2026-09-13,13:11,nfl,KXNFLGAME-26SEP13BUFHOU,Buffalo @ Houston,Buffalo,away,LEAN,0.484,0.523,0.525,-0.002,0.53,0.0,1517.6,1480.4,0.08,form Houston LL / Buffalo WW | @ Reliant Stadium | Elo 1480 v 1518; model wt 4%,0,edge,Houston,6 injury/lineup headline(s) in last 7d,0,,,,,,,,,,W,2026-09-13T21:03Z,,,,0
2026-09-13,13:11,nfl,KXNFLGAME-26SEP13NODET,New Orleans @ Detroit,Detroit,home,LEAN,0.572,0.738,0.745,-0.007,0.75,0.0,1503.0,1500.6,0.08,form Detroit LW / New Orleans LW | @ Ford Field | Elo 1503 v 1501; model wt 4%,0,edge,Detroit,6 injury/lineup headline(s) in last 7d,0,,,,,,,,,,W,2026-09-13T21:03Z,,,,0
2026-09-13,13:11,nfl,KXNFLGAME-26SEP13NYJTEN,New York J @ Tennessee,Tennessee,home,LEAN,0.6,0.518,0.515,0.003,0.52,0.0,1499.9,1477.3,0.08,form Tennessee WL / New York J LL | @ Nissan Stadium | Elo 1500 v 1477; model wt 4%,0,edge,Tennessee,6 injury/lineup headline(s) in last 7d,0,,,,,,,,,,L,2026-09-13T21:03Z,,,,0
2026-09-13,13:11,nfl,KXNFLGAME-26SEP13TBCIN,Tampa Bay @ Cincinnati,Cincinnati,home,LEAN,0.592,0.639,0.641,-0.002,0.64,0.0,1519.5,1502.7,0.08,form Cincinnati WW / Tampa Bay WL | @ Paycor Stadium | Elo 1520 v 1503; model wt 4%,0,edge,Cincinnati,6 injury/lineup headline(s) in last 7d,0,,,,,,,,,,W,2026-09-13T21:03Z,,,,0
2026-09-13,13:12,nfl,KXNFLGAME-26SEP13CLEJAC,Cleveland @ Jacksonville,Jacksonville,home,LEAN,0.596,0.785,0.793,-0.008,0.79,0.0,1520.0,1500.2,0.08,form Jacksonville WW / Cleveland LW | @ EverBank Stadium | Elo 1520 v 1500; model wt 4%,0,edge,Jacksonville,6 injury/lineup headline(s) in last 7d,0,,,,,,,,,,W,2026-09-13T21:03Z,,,,0
2026-09-13,13:12,nfl,KXNFLGAME-26SEP13ATLPIT,Atlanta @ Pittsburgh,Pittsburgh,home,LEAN,0.569,0.719,0.725,-0.006,0.73,0.0,1500.0,1500.1,0.08,form Pittsburgh WL / Atlanta LW | @ Acrisure Stadium | Elo 1500 v 1500; model wt 4%,0,edge,Pittsburgh,5 injury/lineup headline(s) in last 7d,0,,,,,,,,,,W,2026-09-13T21:03Z,,,,0
2026-09-13,13:12,nfl,KXNFLGAME-26SEP13BALIND,Baltimore @ Indianapolis,Baltimore,away,LEAN,0.472,0.602,0.605,-0.003,0.61,0.0,1517.3,1488.4,0.04,form Indianapolis L / Baltimore WW | @ Lucas Oil Stadium | Elo 1488 v 1517; model wt 2%,0,edge,Indianapolis,6 injury/lineup headline(s) in last 7d,0,,,,,,,,,,W,2026-09-13T21:03Z,,,,0
2026-09-13,13:12,nfl,KXNFLGAME-26SEP13CHICAR,Chicago @ Carolina,Chicago,away,LEAN,0.445,0.595,0.601,-0.006,0.6,0.0,1520.1,1510.7,0.08,form Carolina WLW / Chicago WW | @ Bank of America Stadium | Elo 1511 v 1520; model wt 4%,0,edge,Carolina,6 injury/lineup headline(s) in last 7d,0,,,,,,,,,,W,2026-09-13T21:03Z,,,,0
2026-09-13,13:12,mlb,KXMLBGAME-26SEP131920SDSF,San Diego @ San Francisco,San Diego,away,LEAN,0.568,0.554,0.54,0.014,0.55,0.0,1537.2,1465.7,1.0,form San Francisco WWWLL / San Diego WWWWW | H2H San Francisco 1-5 | @ Oracle Park | wx 57°F wind 9mph | Elo 1466 v 1537; model wt 50%,0,edge,San Diego,6 injury/lineup headline(s) in last 7d,0,,,,,,,,,,W,2026-09-14T04:28Z,0.565,2026-09-13T23:00Z,0.015,0
2026-09-13,13:12,mlb,KXMLBGAME-26SEP131610TEXAZ,Texas @ Arizona,Arizona,home,LEAN,0.603,0.584,0.565,0.019,0.57,0.0,1529.4,1481.0,1.0,form Arizona WWLWL / Texas WLLLW | H2H Arizona 1-1 | @ Chase Field | Elo 1529 v 1481; model wt 50%,0,edge,Arizona,6 injury/lineup headline(s) in last 7d,0,,,,,,,,,,L,2026-09-13T23:00Z,0.275,2026-09-13T21:03Z,-0.295,0
2026-09-13,13:12,mlb,KXMLBGAME-26SEP131605SEAATH,Seattle @ A's,Seattle,away,LEAN,0.52,0.545,0.571,-0.026,0.57,0.0,1476.2,1438.6,1.0,form A's WLWWL / Seattle LWWLW | H2H A's 4-2 | @ Sutter Health Park | wx 54°F wind 5mph | Elo 1439 v 1476; model wt 50%,0,edge,Seattle,0 injury/lineup headline(s) in last 7d,0,,,,,,,,,,L,2026-09-14T04:28Z,0.535,2026-09-13T23:00Z,-0.035,0
2026-09-13,13:12,mlb,KXMLBGAME-26SEP131420PITCHC,Pittsburgh @ Chicago C,Chicago C,home,LEAN,0.56,0.567,0.575,-0.008,0.58,0.0,1522.4,1504.8,1.0,form Chicago C LLLWW / Pittsburgh WWWLL | H2H Chicago C 4-1 | @ Wrigley Field | wx 63°F wind 7mph | Elo 1522 v 1505; model wt 50%,0,edge,Chicago C,5 injury/lineup headline(s) in last 7d,0,,,,,,,,,,L,2026-09-13T23:00Z,0.15,2026-09-13T21:03Z,-0.43,0
2026-09-13,13:12,mlb,KXMLBGAME-26SEP131415CWSSTL,Chicago WS @ St. Louis,Chicago WS,away,LEAN,0.501,0.515,0.53,-0.014,0.54,0.0,1497.9,1473.3,1.0,form St. Louis LLLWL / Chicago WS LLLLW | H2H St. Louis 1-1 | @ Busch Stadium | wx 72°F wind 4mph | Elo 1473 v 1498; model wt 50%,0,edge,Chicago WS,3 injury/lineup headline(s) in last 7d,0,,"MLB magic numbers, tiebreakers: White Sox, Padres, Rangers pull out big wins",,,,,,,,L,2026-09-13T21:03Z,,,,0
2026-09-13,13:12,mlb,KXMLBGAME-26SEP131410CLEMIN,Cleveland @ Minnesota,Minnesota,home,LEAN,0.514,0.53,0.545,-0.015,0.55,0.0,1479.8,1493.9,1.0,form Minnesota LWLLW / Cleveland LWLWL | H2H Minnesota 5-4 | @ Target Field | Elo 1480 v 1494; model wt 50%,0,edge,Minnesota,6 injury/lineup headline(s) in last 7d,0,,Twins star CF Byron Buxton (hip) to undergo season-ending surgery,,,,,,,,L,2026-09-13T23:00Z,,,,0
2026-09-13,13:13,mlb,KXMLBGAME-26SEP131410CINMIL,Cincinnati @ Milwaukee,Milwaukee,home,LEAN,0.644,0.641,0.639,0.003,0.65,0.0,1558.1,1479.3,1.0,form Milwaukee WWWWW / Cincinnati LLLLL | H2H Milwaukee 6-3 | @ American Family Field | Elo 1558 v 1479; model wt 50%,0,edge,Milwaukee,5 injury/lineup headline(s) in last 7d,0,,,,,,,,,,L,2026-09-13T21:03Z,,,,0
2026-09-13,13:13,mlb,KXMLBGAME-26SEP131335KCBOS,Kansas City @ Boston,Boston,home,LEAN,0.613,0.619,0.625,-0.006,0.63,0.0,1555.7,1499.7,1.0,form Boston WLLLW / Kansas City LLWWL | H2H Boston 1-1 | @ Fenway Park | Elo 1556 v 1500; model wt 50%,0,edge,Boston,6 injury/lineup headline(s) in last 7d,0,,,,,,,,,,W,2026-09-14T04:28Z,0.745,2026-09-13T23:00Z,0.115,0
2026-09-13,13:13,mlb,KXMLBGAME-26SEP131335PHIATL,Philadelphia @ Atlanta,Atlanta,home,LEAN,0.561,0.553,0.545,0.008,0.55,0.0,1538.1,1519.2,1.0,form Atlanta LLWWW / Philadelphia LWLLL | H2H Atlanta 4-2 | @ Truist Park | Elo 1538 v 1519; model wt 50%,0,edge,Atlanta,5 injury/lineup headline(s) in last 7d,0,,,,,,,,,,L,2026-09-13T21:03Z,,,,0
2026-09-13,13:13,mlb,KXMLBGAME-26SEP131340HOUTB,Houston @ Tampa Bay,Tampa Bay,home,LEAN,0.598,0.579,0.559,0.019,0.57,0.0,1552.0,1507.0,1.0,form Tampa Bay WWLWW / Houston WLWLL | H2H Tampa Bay 3-2 | @ Tropicana Field | Elo 1552 v 1507; model wt 50%,0,edge,Tampa Bay,3 injury/lineup headline(s) in last 7d,0,,,,,,,,,,W,2026-09-13T21:03Z,,,,0
2026-09-13,13:13,mlb,KXMLBGAME-26SEP131340LADMIA,Los Angeles D @ Miami,Los Angeles D,away,LEAN,0.549,0.567,0.585,-0.018,0.59,0.0,1529.2,1471.2,1.0,form Miami LLLLW / Los Angeles D WWWWL | H2H Miami 1-1 | @ loanDepot park | Elo 1471 v 1529; model wt 50%,0,edge,Los Angeles D,4 injury/lineup headline(s) in last 7d,0,,,,,,,,,,L,2026-09-13T21:03Z,,,,0
2026-09-13,13:13,mlb,KXMLBGAME-26SEP131337BALTOR,Baltimore @ Toronto,Toronto,home,LEAN,0.567,0.576,0.585,-0.009,0.59,0.0,1525.8,1502.9,1.0,form Toronto LWLLW / Baltimore WLWWL | H2H Toronto 1-1 | @ Rogers Centre | Elo 1526 v 1503; model wt 50%,0,edge,Toronto,6 injury/lineup headline(s) in last 7d,0,,,,,,,,,,W,2026-09-13T21:03Z,,,,0
2026-09-13,13:13,mlb,KXMLBGAME-26SEP131335NYMNYY,New York M @ New York Y,New York Y,home,LEAN,0.55,0.587,0.625,-0.038,0.63,0.0,1536.7,1526.2,1.0,form New York Y WWWWL / New York M WWWLW | H2H New York Y 1-1 | @ Yankee Stadium | Elo 1537 v 1526; model wt 50%,0,edge,New York Y,5 injury/lineup headline(s) in last 7d,0,,,,,,,,,,W,2026-09-13T21:03Z,,,,0
2026-09-13,13:14,mlb,KXMLBGAME-26SEP131335LAAWSH,Los Angeles A @ Washington,Washington,home,LEAN,0.564,0.545,0.525,0.02,0.53,0.0,1449.7,1429.0,1.0,form Washington LLLWW / Los Angeles A LWWLL | H2H Washington 2-0 | @ Nationals Park | Elo 1450 v 1429; model wt 50%,0,edge,Washington,2 injury/lineup headline(s) in last 7d,0,,,,,,,,,,W,2026-09-13T21:03Z,,,,0
2026-09-13,13:14,mlb,KXMLBGAME-26SEP131210COLDET,Colorado @ Detroit,Detroit,home,LEAN,0.631,0.608,0.585,0.023,0.59,0.0,1494.6,1425.2,1.0,form Detroit WLWWW / Colorado LLLLL | H2H Detroit 2-0 | @ Comerica Park | Elo 1495 v 1425; model wt 50%,0,edge,Detroit,5 injury/lineup headline(s) in last 7d,0,,,,,,,,,,W,2026-09-13T21:03Z,,,,0
2026-09-13,13:14,epl,KXEPLGAME-26SEP13MUNMCI,Manchester City @ Manchester United,Manchester City,away,LEAN,0.338,0.436,0.443,-0.006,0.45,0.0,1529.4,1502.6,0.12,form Manchester United LWD / Manchester City WWW | @ Old Trafford | Elo 1503 v 1529; model wt 6%,0,edge,Manchester United,6 injury/lineup headline(s) in last 7d,0,,,,,,,,,,W,2026-09-13T21:04Z,,,,0
2026-09-13,13:14,epl,KXEPLGAME-26SEP13COVBRI,Brighton @ Coventry,Brighton,away,LEAN,0.33,0.511,0.522,-0.012,0.53,0.0,1498.7,1470.6,0.12,form Coventry LLL / Brighton WLD | @ Coventry Building Society Arena | Elo 1471 v 1499; model wt 6%,0,edge,Coventry,6 injury/lineup headline(s) in last 7d,0,,,,,,,,,,W,2026-09-13T21:04Z,,,,0
2026-09-13,13:14,laliga,KXLALIGAGAME-26SEP13VILRBB,Real Betis @ Villarreal,Villarreal,home,LEAN,0.404,0.495,0.503,-0.008,0.5,0.0,1482.3,1521.3,0.16,form Villarreal DDLL / Real Betis WWLW | Elo 1482 v 1521; model wt 8%,0,edge,Villarreal,6 injury/lineup headline(s) in last 7d,0,,,,,,,,,,L,2026-09-14T21:04Z,0.485,2026-09-14T13:14Z,-0.015,0
2026-09-13,13:14,laliga,KXLALIGAGAME-26SEP13RSOATM,Atletico @ Real Sociedad,Atletico,away,LEAN,0.309,0.428,0.438,-0.01,0.45,0.0,1510.3,1502.0,0.16,form Real Sociedad LLWDW / Atletico WDWL | rest Real Sociedad 6d / Atletico 8d | Elo 1502 v 1510; model wt 8%,0,edge,Real Sociedad,6 injury/lineup headline(s) in last 7d,0,,,,,,,,,,W,2026-09-13T23:00Z,,,,0
2026-09-13,13:14,laliga,KXLALIGAGAME-26SEP13LEVBAR,Barcelona @ Levante,Barcelona,away,LEAN,0.421,0.806,0.839,-0.033,0.84,0.0,1540.7,1504.0,0.16,form Levante LDWD / Barcelona WWWW | @ Estadi Ciutat de València | Elo 1504 v 1541; model wt 8%,0,edge,Levante,6 injury/lineup headline(s) in last 7d,0,,,,,,,,,,W,2026-09-13T21:04Z,,,,0
2026-09-13,13:14,laliga,KXLALIGAGAME-26SEP13GETDEP,Deportivo De La Coruna @ Getafe,Getafe,home,LEAN,0.357,0.368,0.369,-0.001,0.38,0.0,1489.2,1520.9,0.16,form Getafe LWLD / Deportivo De La Coruna DDWW | rest Getafe 6d / Deportivo De La Coruna 8d | Elo 1489 v 1521; model wt 8%,0,edge,Getafe,3 injury/lineup headline(s) in last 7d,0,,,,,,,,,,L,2026-09-13T21:04Z,,,,0
2026-09-13,13:14,laliga,KXLALIGAGAME-26SEP13RCCMCF,Malaga @ Celta Vigo,Celta Vigo,home,LEAN,0.496,0.775,0.799,-0.024,0.8,0.0,1480.2,1479.9,0.16,form Celta Vigo DLLDD / Malaga LDLD | Elo 1480 v 1480; model wt 8%,0,edge,Celta Vigo,6 injury/lineup headline(s) in last 7d,0,,,,,,,,,,L,2026-09-13T21:04Z,,,,0
2026-09-13,13:14,ligue1,KXLIGUE1GAME-26SEP13STBPSG,PSG @ Stade Brest 29,PSG,away,LEAN,0.325,0.761,0.789,-0.028,0.79,0.0,1491.6,1512.0,0.12,form Stade Brest 29 DDW / PSG DDL | Elo 1512 v 1492; model wt 6%,0,edge,Stade Brest 29,4 injury/lineup headline(s) in last 7d,0,,,,,,,,,,W,2026-09-13T23:00Z,,,,0
2026-09-13,13:14,ligue1,KXLIGUE1GAME-26SEP13MANRCL,Lens @ Le Mans,Lens,away,LEAN,0.302,0.571,0.588,-0.017,0.59,0.0,1486.4,1490.7,0.12,form Le Mans DLD / Lens WLL | @ Stade Marie-Marvingt | Elo 1491 v 1486; model wt 6%,0,edge,Le Mans,6 injury/lineup headline(s) in last 7d,0,,,,,,,,,,L,2026-09-13T21:04Z,,,,0
2026-09-13,13:14,ligue1,KXLIGUE1GAME-26SEP13LILEST,Troyes @ Lille,Lille,home,LEAN,0.527,0.654,0.662,-0.008,0.67,0.0,1522.7,1498.1,0.12,form Lille WDW / Troyes DWL | rest Lille 10d / Troyes 7d | @ Decathlon Arena - Stade Pierre-Mauroy | Elo 1523 v 1498; model wt 6%,0,edge,Lille,6 injury/lineup headline(s) in last 7d,0,,,,,,,,,,W,2026-09-13T21:04Z,,,,0
2026-09-13,13:14,seriea,KXSERIEAGAME-26SEP13NAPBFC,Bologna @ Napoli,Napoli,home,LEAN,0.464,0.514,0.518,-0.003,0.52,0.0,1491.1,1477.6,0.12,form Napoli WLL / Bologna LLD | @ Stadio Diego Armando Maradona | Elo 1491 v 1478; model wt 6%,0,edge,Napoli,6 injury/lineup headline(s) in last 7d,0,,,,,,,,,,W,2026-09-13T21:04Z,,,,0
2026-09-13,13:14,seriea,KXSERIEAGAME-26SEP13LECMON,Monza @ Lecce,Lecce,home,LEAN,0.521,0.775,0.791,-0.016,0.8,0.0,1490.6,1480.0,0.12,form Lecce WLL / Monza LLD | @ Via Del Mare | Elo 1491 v 1480; model wt 6%,0,edge,Lecce,6 injury/lineup headline(s) in last 7d,0,,,,,,,,,,W,2026-09-13T21:04Z,,,,0
2026-09-13,13:14,seriea,KXSERIEAGAME-26SEP13COMPAR,Parma Calcio @ Como,Como,home,LEAN,0.588,0.795,0.808,-0.013,0.81,0.0,1526.4,1477.0,0.12,form Como DWW / Parma Calcio LLD | rest Como 9d / Parma Calcio 7d | Elo 1526 v 1477; model wt 6%,0,edge,Como,3 injury/lineup headline(s) in last 7d,0,,,,,,,,,,W,2026-09-14T21:04Z,0.805,2026-09-14T13:14Z,-0.005,0
2026-09-13,13:14,seriea,KXSERIEAGAME-26SEP13TORROM,Roma @ Torino,Roma,away,LEAN,0.367,0.607,0.622,-0.015,0.63,0.0,1531.2,1490.8,0.12,form Torino LLW / Roma WWW | Elo 1491 v 1531; model wt 6%,0,edge,Torino,6 injury/lineup headline(s) in last 7d,0,,,,,,,,,,W,2026-09-14T21:04Z,0.635,2026-09-14T13:14Z,0.005,0
2026-09-13,13:14,bundesliga,KXBUNDESLIGAGAME-26SEP13SVEBMU,Bayern Munich @ Elversberg,Bayern Munich,away,LEAN,0.358,0.83,0.849,-0.02,0.85,0.0,1510.4,1521.4,0.08,form Elversberg WW / Bayern Munich WD | @ URSAPHARM-Arena an der Kaiserlinde | Elo 1521 v 1510; model wt 4%,0,edge,Elversberg,6 injury/lineup headline(s) in last 7d,0,,,,,,,,,,W,2026-09-13T21:04Z,,,,0
2026-09-13,13:14,bundesliga,KXBUNDESLIGAGAME-26SEP13RBLHSV,Hamburg @ Leipzig,Leipzig,home,LEAN,0.525,0.701,0.709,-0.007,0.71,0.0,1499.4,1478.2,0.08,form Leipzig WL / Hamburg LL | @ Red Bull Arena | Elo 1499 v 1478; model wt 4%,0,edge,Leipzig,,,,,,,,,,,,W,2026-09-13T21:04Z,,,,0
2026-09-13,13:14,mls,KXMLSGAME-26SEP13SDPHI,Philadelphia @ San Diego FC,Philadelphia,away,LEAN,0.393,0.403,0.405,-0.002,0.41,0.0,1562.0,1499.7,0.36,form San Diego FC LWWLL / Philadelphia DDWWW | @ Snapdragon Stadium | Elo 1500 v 1562; model wt 18%,0,edge,Philadelphia,,,,,,,,,,,,W,2026-09-14T04:29Z,0.405,2026-09-13T23:00Z,-0.005,0
2026-09-13,13:14,mls,KXMLSGAME-26SEP13VANATX,Austin @ Vancouver,Vancouver,home,LEAN,0.516,0.715,0.759,-0.044,0.76,0.0,1510.8,1498.5,0.36,form Vancouver LWWLW / Austin WDWDD | @ BC Place | Elo 1511 v 1498; model wt 18%,0,edge,Vancouver,,,,,,,,,,,,L,2026-09-14T04:29Z,0.715,2026-09-13T23:00Z,-0.045,0
2026-09-13,13:14,mls,KXMLSGAME-26SEP13CHINE,New England @ Chicago Fire,Chicago Fire,home,LEAN,0.452,0.489,0.497,-0.008,0.5,0.0,1514.5,1512.0,0.36,form Chicago Fire WDDDD / New England WDWLW | @ Soldier Field | Elo 1514 v 1512; model wt 18%,0,edge,Chicago Fire,,,,,,,,,,,,L,2026-09-14T04:29Z,0.045,2026-09-13T23:00Z,-0.455,0
2026-09-13,13:14,cpl,KXCPLMATCH-26SEP131900GAWBAR,Guyana Amazon Warriors @ Barbados Royals,Guyana Amazon Warriors,away,LEAN,0.565,0.603,0.611,-0.008,0.61,0.0,1577.5,1506.9,0.36,form Barbados Royals LLWWW / Guyana Amazon Warriors WWLWW | Elo 1507 v 1578; model wt 18%,0,edge,Guyana Amazon Warriors,,,,,,,,,,,,L,2026-09-14T04:29Z,0.54,2026-09-13T23:00Z,-0.07,0
2026-09-14,04:27,wta,KXWTAMATCH-26SEP14SONSHY,Zeynep Sonmez vs Iryna Shymanovich,Zeynep Sonmez,neutral,LEAN,0.426,0.706,0.751,-0.046,0.76,0.0,1491.4,1543.3,0.28,form Iryna Shymanovich LWLWW / Zeynep Sonmez WLWLL | Zeynep Sonmez steamed to 76c from 64c over 3h | Elo 1543 v 1491; model wt 14%,0,disagreement,Iryna Shymanovich,1 injury/lineup headline(s) in last 7d,0,,,,,0.12,toward,,,,W,2026-09-15T13:12Z,0.725,2026-09-14T21:03Z,-0.035,0
2026-09-14,04:27,wta,KXWTAMATCH-26SEP14FREHIB,Nao Hibino vs Magdalena Frech,Magdalena Frech,neutral,LEAN,0.451,0.701,0.749,-0.048,0.75,0.0,1499.3,1533.4,0.32,form Magdalena Frech LWWLL / Nao Hibino WWLWW | Magdalena Frech sat at 72c from 70c over 3h | Elo 1499 v 1533; model wt 16%,0,edge,Nao Hibino,0 injury/lineup headline(s) in last 7d,0,,,,,0.02,flat,,,,W,2026-09-15T13:12Z,0.785,2026-09-14T21:03Z,0.035,0
2026-09-14,04:27,wta,KXWTAMATCH-26SEP14ZARDOL,Renata Zarazua vs Caroline Dolehide,Caroline Dolehide,neutral,LEAN,0.528,0.54,0.541,-0.001,0.54,0.0,1501.7,1482.1,0.16,form Caroline Dolehide LLWW / Renata Zarazua WLLLL | Caroline Dolehide sat at 52c from 52c over 3h | Elo 1502 v 1482; model wt 8%,0,edge,Caroline Dolehide,2 injury/lineup headline(s) in last 7d,0,,,,,0.005,flat,,,,W,2026-09-15T13:12Z,0.545,2026-09-14T21:03Z,0.005,0
2026-09-14,04:27,wta,KXWTAMATCH-26SEP14MONSTE,Sloane Stephens vs Carole Monnet,Sloane Stephens,neutral,LEAN,0.538,0.76,0.791,-0.03,0.8,0.0,1529.0,1502.8,0.24,form Carole Monnet LLLWW / Sloane Stephens WWLWL | Sloane Stephens sat at 78c from 76c over 3h | Elo 1503 v 1529; model wt 12%,0,edge,Sloane Stephens,0 injury/lineup headline(s) in last 7d,0,,,,,0.02,flat,,,,W,2026-09-15T13:12Z,0.795,2026-09-14T13:13Z,-0.005,0
2026-09-14,04:27,wta,KXWTAMATCH-26SEP14ORTPAQ,Chloe Paquet vs Jazmin Ortenzi,Chloe Paquet,neutral,LEAN,0.571,0.665,0.667,-0.002,0.69,0.0,1532.0,1482.5,0.04,form Jazmin Ortenzi L / Chloe Paquet WLWW | Chloe Paquet steamed to 66c from 50c over 4h | Elo 1483 v 1532; model wt 2%,0,edge,Chloe Paquet,0 injury/lineup headline(s) in last 7d,0,,,,,0.155,toward,,,,L,2026-09-16T21:03Z,0.6,2026-09-16T13:11Z,-0.09,0
2026-09-14,04:27,wta,KXWTAMATCH-26SEP14BRASIE,Solana Sierra vs Cadence Brace,Solana Sierra,neutral,LEAN,0.417,0.578,0.592,-0.014,0.62,0.0,1443.8,1502.1,0.16,form Cadence Brace LLWW / Solana Sierra LLLL | Solana Sierra drifted to 58c from 66c over 4h | Elo 1502 v 1444; model wt 8%,0,edge,Cadence Brace,0 injury/lineup headline(s) in last 7d,0,,,,,-0.085,away,,,,W,2026-09-16T21:03Z,0.67,2026-09-16T13:11Z,0.05,0
2026-09-14,04:27,wta,KXWTAMATCH-26SEP14YOUCHA,Xiaodi You vs Alina Charaeva,Alina Charaeva,neutral,LEAN,0.47,0.652,0.663,-0.012,0.69,0.0,1495.9,1516.8,0.12,form Alina Charaeva WLWLL / Xiaodi You LWW | Alina Charaeva sat at 66c from 68c over 4h | Elo 1496 v 1517; model wt 6%,0,edge,Xiaodi You,0 injury/lineup headline(s) in last 7d,0,,,,,-0.02,flat,,,,W,2026-09-16T21:03Z,0.6,2026-09-16T13:11Z,-0.09,0
2026-09-14,04:28,wta,KXWTAMATCH-26SEP14KOSBAR,Teodora Kostovic vs Victoria Luiza Barros,Teodora Kostovic,neutral,LEAN,0.478,0.79,0.79,0.0,0.8,0.0,1484.8,1500.0,0.0,form Victoria Luiza Barros - / Teodora Kostovic L | Teodora Kostovic sat at 79c from 78c over 14h | Elo 1500 v 1485; model wt 0%,0,edge,Victoria Luiza Barros,0 injury/lineup headline(s) in last 7d,0,,,,,0.005,flat,,,,W,2026-09-15T21:03Z,0.795,2026-09-15T13:12Z,-0.005,0
2026-09-14,04:28,wta,KXWTAMATCH-26SEP14LEMSHA,Astra Sharma vs Nauhany Vitoria Leme Da Silva,Astra Sharma,neutral,LEAN,0.454,0.503,0.503,0.0,0.51,0.0,1468.0,1500.0,0.0,form Nauhany Vitoria Leme Da Silva - / Astra Sharma LL | Astra Sharma sat at 50c from 50c over 14h | Elo 1500 v 1468; model wt 0%,0,edge,Nauhany Vitoria Leme Da Silva,0 injury/lineup headline(s) in last 7d,0,,,,,0.0,flat,,,,L,2026-09-16T21:03Z,0.485,2026-09-16T13:11Z,-0.025,0
2026-09-14,04:28,wta,KXWTAMATCH-26SEP14BLILEE,Carol Young Suh Lee vs Anna Blinkova,Anna Blinkova,neutral,LEAN,0.497,0.517,0.52,-0.003,0.53,0.0,1492.8,1495.2,0.24,form Anna Blinkova WWWLL / Carol Young Suh Lee WWLLL | Anna Blinkova sat at 52c from 52c over 14h | Elo 1493 v 1495; model wt 12%,0,edge,Carol Young Suh Lee,0 injury/lineup headline(s) in last 7d,0,,,,,0.01,flat,,,,W,2026-09-16T21:03Z,0.515,2026-09-16T13:11Z,-0.015,0
2026-09-14,04:28,wta,KXWTAMATCH-26SEP14VALPIG,Vendula Valdmannova vs Laura Pigossi,Vendula Valdmannova,neutral,LEAN,0.547,0.766,0.77,-0.004,0.78,0.0,1516.6,1484.0,0.04,form Laura Pigossi L / Vendula Valdmannova WWL | Vendula Valdmannova sat at 77c from 78c over 14h | Elo 1484 v 1517; model wt 2%,0,edge,Vendula Valdmannova,0 injury/lineup headline(s) in last 7d,0,,,,,-0.015,flat,,,,W,2026-09-17T13:11Z,0.405,2026-09-16T21:03Z,-0.375,0
2026-09-14,04:28,wta,KXWTAMATCH-26SEP14RIEAVA,Julia Riera vs Elina Avanesyan,Elina Avanesyan,neutral,LEAN,0.594,0.541,0.54,0.001,0.55,0.0,1549.9,1484.0,0.04,form Elina Avanesyan WWWLL / Julia Riera L | Elina Avanesyan sat at 54c from 53c over 14h | Elo 1550 v 1484; model wt 2%,0,edge,Elina Avanesyan,0 injury/lineup headline(s) in last 7d,0,,,,,0.005,flat,,,,W,2026-09-15T21:03Z,0.575,2026-09-15T13:12Z,0.025,0
2026-09-14,04:28,wta,KXWTAMATCH-26SEP14LYSGAB,Eva Lys vs Gabriela CE,Eva Lys,neutral,LEAN,0.462,0.906,0.906,0.0,0.92,0.0,1473.6,1500.0,0.0,form Gabriela CE - / Eva Lys WLLWL | Eva Lys sat at 92c from 90c over 14h | Elo 1500 v 1474; model wt 0%,0,edge,Gabriela CE,0 injury/lineup headline(s) in last 7d,0,,,,,0.01,flat,,,,W,2026-09-16T21:03Z,0.75,2026-09-16T13:11Z,-0.17,0
2026-09-14,04:28,wta,KXWTAMATCH-26SEP14STEPOD,Lucrezia Stefanini vs Nadia Podoroska,Lucrezia Stefanini,neutral,LEAN,0.624,0.649,0.652,-0.003,0.67,0.0,1564.5,1476.6,0.24,form Nadia Podoroska LWLWL / Lucrezia Stefanini WWWWL | Lucrezia Stefanini sat at 66c from 65c over 14h | Elo 1477 v 1565; model wt 12%,0,edge,Lucrezia Stefanini,0 injury/lineup headline(s) in last 7d,0,,,,,0.015,flat,,,,L,2026-09-15T21:03Z,0.675,2026-09-15T13:12Z,0.005,0
2026-09-14,04:28,wta,KXWTAMATCH-26SEP14LAMALV,Suzan Lamens vs Carolina Alves,Suzan Lamens,neutral,LEAN,0.5,0.833,0.833,0.0,0.83,0.0,1500.1,1500.0,0.0,form Carolina Alves - / Suzan Lamens WL | Suzan Lamens sat at 82c from 82c over 13h | Elo 1500 v 1500; model wt 0%,0,edge,Suzan Lamens,0 injury/lineup headline(s) in last 7d,0,,,,,0.01,flat,,,,W,2026-09-16T21:03Z,0.835,2026-09-16T13:11Z,0.005,0
2026-09-14,04:28,wta,KXWTAMATCH-26SEP14BOUSAL,Dominika Salkova vs Jessica Bouzas Maneiro,Jessica Bouzas Maneiro,neutral,LEAN,0.454,0.708,0.756,-0.048,0.77,0.0,1482.4,1514.5,0.32,form Jessica Bouzas Maneiro LWLWL / Dominika Salkova WLLWL | Jessica Bouzas Maneiro sat at 76c from 76c over 14h | Elo 1482 v 1514; model wt 16%,0,disagreement,Dominika Salkova,0 injury/lineup headline(s) in last 7d,0,,,,,0.0,flat,,,,L,2026-09-16T21:03Z,0.745,2026-09-16T13:11Z,-0.025,0
2026-09-14,04:28,wta,KXWTAMATCH-26SEP14STOLIU,Mary Stoiana vs Claire Liu,Claire Liu,neutral,LEAN,0.46,0.542,0.553,-0.011,0.56,0.0,1495.1,1522.9,0.24,form Claire Liu WLWLL / Mary Stoiana LWWWL | Claire Liu sat at 55c from 55c over 14h | Elo 1495 v 1523; model wt 12%,0,edge,Mary Stoiana,0 injury/lineup headline(s) in last 7d,0,,,,,0.0,flat,,,,L,2026-09-16T21:03Z,0.56,2026-09-16T13:11Z,0.0,0
2026-09-14,04:28,wta,KXWTAMATCH-26SEP14SEMBAD,Darja Semenistaja vs Paula Badosa,Paula Badosa,neutral,LEAN,0.61,0.831,0.855,-0.024,0.86,0.0,1563.3,1485.3,0.2,form Paula Badosa WWLWL / Darja Semenistaja LWWLL | Paula Badosa sat at 86c from 86c over 14h | Elo 1563 v 1485; model wt 10%,0,edge,Paula Badosa,0 injury/lineup headline(s) in last 7d,0,,,,,0.0,flat,,,,V,2026-09-14T21:03Z,0.865,2026-09-14T13:13Z,0.005,0
2026-09-14,04:28,nfl,KXNFLGAME-26SEP14DENKC,Denver @ Kansas City,Kansas City,home,LEAN,0.488,0.554,0.555,-0.001,0.56,0.0,1488.6,1520.0,0.04,"form Kansas City L / Denver WW | rest Kansas City 30d / Denver 17d | Kansas City -36 Elo: Jimmy Holiday (WR), Jeff Caldwell (WR) +3 more | Denver -30 Elo: Frank Crum (OT), Jonathon Cooper (LB) +3 more | @ Arrowhead Stadium | wx 69°F wind 8mph | epa Denver by 3.5 (40% home) [Kansas City +0.004 / Denver +0.122 per play] | Kansas City sat at 56c from 56c over 95h | Elo 1489 v 1520; model wt 2%; epa wt 35%",0,edge,Kansas City,6 injury/lineup headline(s) in last 7d,0,,Two Kansas City Chiefs Ruled Out for Week 1,-3.49,0.398,-0.01,flat,,,,W,2026-09-15T13:12Z,0.545,2026-09-14T21:03Z,-0.015,0
2026-09-14,04:28,mlb,KXMLBGAME-26SEP142140MIAAZ,Miami @ Arizona,Arizona,home,LEAN,0.629,0.597,0.565,0.032,0.57,0.0,1523.3,1476.7,1.0,"form Arizona WLWLL / Miami LLLWW | Arizona -46 Elo: Ryne Nelson (SP), Tyler Locklear (1B) +3 more | Miami -67 Elo: Max Meyer (SP), Adam Mazur (SP) +3 more | @ Chase Field | Arizona sat at 56c from 57c over 50h | Elo 1523 v 1477; model wt 50%",0,edge,Arizona,6 injury/lineup headline(s) in last 7d,0,,,,,-0.005,flat,,,,W,2026-09-15T13:12Z,0.545,2026-09-14T21:03Z,-0.025,0
2026-09-14,04:28,mlb,KXMLBGAME-26SEP142138SEALAA,Seattle @ Los Angeles A,Seattle,away,LEAN,0.531,0.523,0.515,0.008,0.52,0.0,1471.0,1424.6,1.0,"form Los Angeles A WWLLL / Seattle WWLWL | H2H Los Angeles A 0-3 | Los Angeles A -46 Elo: George Klassen (SP), Nolan Schanuel (1B) +3 more | Seattle -47 Elo: Emerson Hancock (SP), Brennen Davis (CF) +3 more | @ Angel Stadium | wx 72°F wind 4mph | Seattle steamed to 52c from 48c over 50h | Elo 1425 v 1471; model wt 50%",0,edge,Seattle,1 injury/lineup headline(s) in last 7d,0,,,,,0.035,toward,,,,L,2026-09-15T13:12Z,0.505,2026-09-14T21:03Z,-0.015,0
2026-09-14,04:28,mlb,KXMLBGAME-26SEP142040SDCOL,San Diego @ Colorado,San Diego,away,LEAN,0.669,0.645,0.622,0.023,0.63,0.0,1541.6,1421.5,1.0,"form Colorado LLLLL / San Diego WWWWW | H2H Colorado 0-2 | Colorado -87 Elo: Kyle Freeland (SP), Sean Sullivan (SP) +3 more | San Diego -61 Elo: Joe Musgrove (SP), Lucas Giolito (SP) +2 more | @ Coors Field | San Diego sat at 62c from 61c over 51h | Elo 1422 v 1542; model wt 50%",0,edge,San Diego,3 injury/lineup headline(s) in last 7d,0,,,,,0.015,flat,,,,W,2026-09-15T13:12Z,0.655,2026-09-14T21:03Z,0.025,0
2026-09-14,04:28,mlb,KXMLBGAME-26SEP141940NYYMIN,New York Y @ Minnesota,New York Y,away,LEAN,0.548,0.553,0.557,-0.004,0.57,0.0,1541.2,1474.6,1.0,"form Minnesota WLLWL / New York Y WWWLW | H2H Minnesota 2-1 | Minnesota -58 Elo: Mike Paredes (SP), Mick Abel (SP) +1 more | New York Y -67 Elo: Clarke Schmidt (SP), Ryan Weathers (SP) +3 more | @ Target Field | New York Y sat at 56c from 53c over 52h | Elo 1475 v 1541; model wt 50%",0,edge,New York Y,6 injury/lineup headline(s) in last 7d,0,,,,,0.025,flat,,,,W,2026-09-15T13:12Z,0.535,2026-09-14T21:03Z,-0.035,0
2026-09-14,04:29,mlb,KXMLBGAME-26SEP141940ATLCHC,Atlanta @ Chicago C,Chicago C,home,LEAN,0.542,0.549,0.555,-0.006,0.56,0.0,1516.8,1532.5,1.0,"form Chicago C LLWWL / Atlanta LWWWL | Chicago C -46 Elo: Justin Steele (SP), Gavin Hollowell (RP) +3 more | Atlanta -67 Elo: Bryce Elder (SP), Spencer Strider (SP) +3 more | @ Wrigley Field | Chicago C sat at 56c from 57c over 52h | Elo 1517 v 1532; model wt 50%",0,edge,Chicago C,6 injury/lineup headline(s) in last 7d,0,,,,,-0.015,flat,,,,W,2026-09-15T13:12Z,0.545,2026-09-14T21:03Z,-0.015,0
2026-09-14,04:29,mlb,KXMLBGAME-26SEP141945SFSTL,San Francisco @ St. Louis,St. Louis,home,LEAN,0.567,0.561,0.555,0.006,0.56,0.0,1478.3,1461.3,1.0,"form St. Louis LLWLW / San Francisco WWLLL | H2H St. Louis 0-3 | St. Louis -20 Elo: Peter Strzelecki (RP), JJ Wetherholt (2B) +2 more | San Francisco -26 Elo: Willy Adames (SS), Victor Bericoto (LF) +3 more | @ Busch Stadium | St. Louis sat at 56c from 56c over 52h | Elo 1478 v 1461; model wt 50%",0,edge,St. Louis,4 injury/lineup headline(s) in last 7d,0,,,,,-0.005,flat,,,,W,2026-09-15T13:12Z,0.575,2026-09-14T21:03Z,0.015,0
2026-09-14,04:29,mlb,KXMLBGAME-26SEP141910BALNYM,Baltimore @ New York M,New York M,home,LEAN,0.542,0.536,0.53,0.006,0.54,0.0,1521.7,1498.5,1.0,"form New York M WWLWL / Baltimore LWWLL | New York M -45 Elo: Tylor Megill (SP), Cionel Perez (RP) +3 more | Baltimore -27 Elo: Luis Robert Jr. (CF), Christian Franklin (CF) +3 more | @ Citi Field | New York M drifted to 53c from 57c over 52h | Elo 1522 v 1499; model wt 50%",0,edge,New York M,6 injury/lineup headline(s) in last 7d,0,,,,,-0.04,away,,,,L,2026-09-15T13:12Z,0.575,2026-09-14T21:03Z,0.035,0
2026-09-14,04:29,mlb,KXMLBGAME-26SEP141907DETTOR,Detroit @ Toronto,Toronto,home,LEAN,0.544,0.55,0.555,-0.005,0.56,0.0,1530.1,1498.3,1.0,"form Toronto WLLWW / Detroit LWWWW | Toronto -67 Elo: Trey Yesavage (SP), Jameson Taillon (SP) +3 more | Detroit -42 Elo: Jack Flaherty (SP), Parker Meadows (CF) +2 more | @ Rogers Centre | Toronto sat at 56c from 55c over 52h | Elo 1530 v 1498; model wt 50%",0,edge,Toronto,5 injury/lineup headline(s) in last 7d,0,,,,,0.01,flat,,,,L,2026-09-15T13:12Z,0.565,2026-09-14T21:03Z,0.005,0
2026-09-14,04:29,mlb,KXMLBGAME-26SEP141840CWSCLE,Chicago WS @ Cleveland,Cleveland,home,LEAN,0.58,0.576,0.572,0.004,0.58,0.0,1499.1,1492.9,1.0,"form Cleveland WLWLW / Chicago WS LLLWL | H2H Cleveland 3-4 | Cleveland -15 Elo: Colin Holderman (RP), Rhys Hoskins (1B) +1 more | Chicago WS -41 Elo: Drew Thorpe (SP), Tommy Pham (LF) +2 more | @ Progressive Field | Cleveland sat at 57c from 56c over 53h | Elo 1499 v 1493; model wt 50%",0,edge,Cleveland,6 injury/lineup headline(s) in last 7d,0,,,,,0.01,flat,,,,L,2026-09-15T13:12Z,0.595,2026-09-14T21:03Z,0.015,0
2026-09-14,04:29,mlb,KXMLBGAME-26SEP141840LADCIN,Los Angeles D @ Cincinnati,Los Angeles D,away,LEAN,0.499,0.582,0.665,-0.083,0.67,0.0,1523.7,1485.7,1.0,"form Cincinnati LLLLW / Los Angeles D WWWLL | H2H Cincinnati 0-3 | Cincinnati -42 Elo: Hunter Greene (SP), Blake Dunn (CF) +2 more | Los Angeles D -57 Elo: Roki Sasaki (SP), Kris Bubic (SP) +1 more | @ Great American Ball Park | wx 68°F wind 11mph | Los Angeles D steamed to 66c from 59c over 53h | Elo 1486 v 1524; model wt 50%",0,disagreement,Cincinnati,3 injury/lineup headline(s) in last 7d,0,,,,,0.075,toward,,,,W,2026-09-15T13:12Z,0.665,2026-09-14T21:03Z,-0.005,0
2026-09-14,04:29,epl,KXEPLGAME-26SEP14LEENEW,Newcastle @ Leeds United,Leeds United,home,LEAN,0.448,0.413,0.411,0.002,0.42,0.0,1512.3,1508.4,0.12,form Leeds United WDD / Newcastle DWD | @ Elland Road | Leeds United sat at 42c from 40c over 95h | Elo 1512 v 1508; model wt 6%,0,edge,Leeds United,6 injury/lineup headline(s) in last 7d,0,,,,,0.02,flat,,,,W,2026-09-14T21:04Z,0.415,2026-09-14T13:14Z,-0.005,0
2026-09-14,04:29,seriea,KXSERIEAGAME-26SEP14INTUDI,Udinese @ Inter,Inter,home,LEAN,0.562,0.77,0.783,-0.013,0.8,0.0,1530.7,1498.4,0.12,form Inter WWW / Udinese DWL | rest Inter 9d / Udinese 7d | @ San Siro | Inter steamed to 80c from 76c over 95h | Elo 1531 v 1498; model wt 6%,0,edge,Inter,3 injury/lineup headline(s) in last 7d,0,,,,,0.04,toward,,,,W,2026-09-14T21:04Z,0.815,2026-09-14T13:14Z,0.015,0
2026-09-14,21:03,wta,KXWTAMATCH-26SEP14MIKBAD,Justina Mikulskyte vs Paula Badosa,Paula Badosa,neutral,LEAN,0.59,0.921,0.935,-0.014,0.94,0.0,1563.3,1500.0,0.08,form Paula Badosa WWLWL / Justina Mikulskyte WL | Elo 1563 v 1500; model wt 4%,0,edge,Paula Badosa,0 injury/lineup headline(s) in last 7d,0,,,,,,,,,,W,2026-09-17T13:11Z,0.925,2026-09-16T21:03Z,-0.015,0
2026-09-15,13:12,wta,KXWTAMATCH-26SEP15STETJE,Janice Tjen vs Sloane Stephens,Janice Tjen,neutral,LEAN,0.426,0.576,0.609,-0.033,0.62,0.0,1491.7,1543.8,0.36,form Sloane Stephens WLWLW / Janice Tjen LWLLW | Elo 1544 v 1492; model wt 18%,0,edge,Sloane Stephens,0 injury/lineup headline(s) in last 7d,0,,,,,,,,,,L,2026-09-16T13:11Z,0.615,2026-09-15T21:03Z,-0.005,0
2026-09-15,13:12,wta,KXWTAMATCH-26SEP15PARSTE,Peyton Stearns vs Diane Parry,Peyton Stearns,neutral,LEAN,0.389,0.501,0.523,-0.021,0.53,0.0,1500.9,1579.1,0.32,form Diane Parry WWWWL / Peyton Stearns LWLLW | Elo 1579 v 1501; model wt 16%,0,edge,Diane Parry,0 injury/lineup headline(s) in last 7d,0,,,,,,,,,,W,2026-09-16T13:11Z,0.505,2026-09-15T21:03Z,-0.025,0
2026-09-15,13:12,wta,KXWTAMATCH-26SEP15PARBEJ,Alycia Parks vs Sara Bejlek,Sara Bejlek,neutral,LEAN,0.596,0.725,0.765,-0.04,0.77,0.0,1565.8,1497.9,0.48,form Sara Bejlek WWWLL / Alycia Parks WWLLW | Elo 1566 v 1498; model wt 24%,0,edge,Sara Bejlek,0 injury/lineup headline(s) in last 7d,0,,,,,,,,,,W,2026-09-16T13:11Z,0.725,2026-09-15T21:03Z,-0.045,0
2026-09-15,13:12,wta,KXWTAMATCH-26SEP15BUCUDV,Panna Udvardy vs Cristina Bucsa,Cristina Bucsa,neutral,LEAN,0.529,0.646,0.675,-0.029,0.68,0.0,1522.3,1502.3,0.4,form Cristina Bucsa LWWLW / Panna Udvardy LWLLW | H2H Cristina Bucsa 1-0 | Elo 1522 v 1502; model wt 20%,0,edge,Cristina Bucsa,0 injury/lineup headline(s) in last 7d,0,,,,,,,,,,W,2026-09-15T21:03Z,,,,0
2026-09-15,13:12,wta,KXWTAMATCH-26SEP15SEMKIN,Darja Semenistaja vs Hayu Kinoshita,Darja Semenistaja,neutral,LEAN,0.504,0.584,0.589,-0.005,0.6,0.0,1485.3,1482.6,0.12,form Hayu Kinoshita LWL / Darja Semenistaja LWWLL | H2H Hayu Kinoshita 0-1 | Elo 1483 v 1485; model wt 6%,0,edge,Darja Semenistaja,0 injury/lineup headline(s) in last 7d,0,,,,,,,,,,W,2026-09-15T21:03Z,,,,0
2026-09-15,13:12,wta,KXWTAMATCH-26SEP15OSUQUE,Kaitlin Quevedo vs Whitney Osuigwe,Kaitlin Quevedo,neutral,LEAN,0.45,0.672,0.691,-0.019,0.71,0.0,1469.1,1504.2,0.16,form Whitney Osuigwe LLWW / Kaitlin Quevedo WLLL | Elo 1504 v 1469; model wt 8%,0,edge,Whitney Osuigwe,0 injury/lineup headline(s) in last 7d,0,,,,,,,,,,V,2026-09-16T21:03Z,0.665,2026-09-16T13:11Z,-0.045,0
2026-09-15,13:12,mlb,KXMLBGAME-26SEP152140MIAAZ,Miami @ Arizona,Arizona,home,LEAN,0.604,0.59,0.575,0.015,0.58,0.0,1527.3,1472.7,1.0,"form Arizona LWLLW / Miami LLWWL | H2H Arizona 1-0 | Arizona -46 Elo: Ryne Nelson (SP), Tyler Locklear (1B) +3 more | Miami -41 Elo: Max Meyer (SP), Owen Caissie (RF) +2 more | @ Chase Field | SP Miami: Sandy Alcantara / Arizona: Corbin Burnes | Elo 1527 v 1473; model wt 50%",0,edge,Arizona,5 injury/lineup headline(s) in last 7d,0,,,,,,,,,,L,2026-09-16T13:11Z,0.575,2026-09-15T21:03Z,-0.005,0
2026-09-15,13:12,mlb,KXMLBGAME-26SEP152138SEALAA,Seattle @ Los Angeles A,Seattle,away,LEAN,0.516,0.563,0.611,-0.048,0.61,0.0,1465.7,1429.9,1.0,"form Los Angeles A WLLLW / Seattle WLWLL | H2H Los Angeles A 1-3 | Los Angeles A -46 Elo: George Klassen (SP), Nolan Schanuel (1B) +3 more | Seattle -47 Elo: Emerson Hancock (SP), Brennen Davis (CF) +3 more | @ Angel Stadium | SP Seattle: Kade Anderson / Los Angeles A: Reid Detmers | wx 75°F wind 7mph at kickoff | Elo 1430 v 1466; model wt 50%",0,rating,Seattle,2 injury/lineup headline(s) in last 7d,0,,,,,,,,,,L,2026-09-16T13:11Z,0.615,2026-09-15T21:03Z,0.005,0
2026-09-15,13:12,mlb,KXMLBGAME-26SEP152040SDCOL,San Diego @ Colorado,San Diego,away,LEAN,0.672,0.655,0.639,0.017,0.65,0.0,1545.2,1417.9,1.0,"form Colorado LLLLL / San Diego WWWWW | H2H Colorado 0-3 | Colorado -87 Elo: Kyle Freeland (SP), Jose Quintana (SP) +3 more | San Diego -66 Elo: Joe Musgrove (SP), Lucas Giolito (SP) +3 more | @ Coors Field | SP San Diego: Casey Mize / Colorado: Tomoyuki Sugano | wx 78°F wind 3mph at kickoff | Elo 1418 v 1545; model wt 50%",0,edge,San Diego,4 injury/lineup headline(s) in last 7d,0,,,,,,,,,,L,2026-09-16T13:11Z,0.635,2026-09-15T21:03Z,-0.015,0
2026-09-15,13:12,mlb,KXMLBGAME-26SEP152010KCHOU,Kansas City @ Houston,Houston,home,LEAN,0.512,0.558,0.605,-0.047,0.61,0.0,1503.0,1495.8,1.0,"form Houston LWLLL / Kansas City LWWLL | Houston -69 Elo: Mike Burrows (SP), Brandon Walter (SP) +3 more | Kansas City -46 Elo: Tony Gonsolin (SP), Maikel Garcia (3B) +3 more | @ Daikin Park | SP Kansas City: Michael Wacha / Houston: Hunter Brown | Elo 1503 v 1496; model wt 50%",0,rating,Houston,5 injury/lineup headline(s) in last 7d,0,,,,,,,,,,W,2026-09-16T13:11Z,0.605,2026-09-15T21:03Z,-0.005,0
2026-09-15,13:12,mlb,KXMLBGAME-26SEP152005BOSTEX,Boston @ Texas,Texas,home,LEAN,0.527,0.501,0.475,0.026,0.48,0.0,1487.0,1559.6,1.0,"form Texas LLLWW / Boston LLLWW | Texas -22 Elo: Kyle Higashioka (C), Cole Winn (RP) +2 more | Boston -89 Elo: Tanner Houck (SP), Johan Oviedo (SP) +3 more | @ Globe Life Field | SP Boston: Patrick Sandoval / Texas: Cody Bradford | Texas sat at 48c from 50c over 60h | tape 90% of 173 trades / 90% of 8352 contracts, biggest 614 | book 30% of the size near the touch | Elo 1487 v 1560; model wt 50%",0,edge,Texas,5 injury/lineup headline(s) in last 7d,0,,,,,-0.02,flat,0.896,0.8985,0.2992,W,2026-09-16T13:11Z,0.565,2026-09-15T21:03Z,0.085,0
2026-09-15,13:13,mlb,KXMLBGAME-26SEP151945SFSTL,San Francisco @ St. Louis,St. Louis,home,LEAN,0.58,0.587,0.595,-0.008,0.6,0.0,1482.8,1456.9,1.0,"form St. Louis LWLWW / San Francisco WLLLL | H2H St. Louis 1-3 | St. Louis -20 Elo: Peter Strzelecki (RP), Everson Pereira (RF) +2 more | San Francisco -26 Elo: Willy Adames (SS), Victor Bericoto (LF) +3 more | @ Busch Stadium | SP San Francisco: Landen Roupp / St. Louis: Quinn Mathews | Elo 1483 v 1457; model wt 50%",0,edge,St. Louis,4 injury/lineup headline(s) in last 7d,0,,,,,,,,,,L,2026-09-16T13:11Z,0.62,2026-09-15T21:03Z,0.02,0
2026-09-15,13:13,mlb,KXMLBGAME-26SEP151940ATLCHC,Atlanta @ Chicago C,Chicago C,home,LEAN,0.526,0.546,0.565,-0.019,0.57,0.0,1521.7,1527.6,1.0,"form Chicago C LWWLW / Atlanta WWWLL | H2H Chicago C 1-0 | Chicago C -46 Elo: Justin Steele (SP), Gavin Hollowell (RP) +3 more | Atlanta -46 Elo: Bryce Elder (SP), Robert Suarez (RP) +3 more | @ Wrigley Field | SP Atlanta: Reynaldo Lopez / Chicago C: David Peterson | Elo 1522 v 1528; model wt 50%",0,edge,Chicago C,6 injury/lineup headline(s) in last 7d,0,,,,,,,,,,L,2026-09-16T13:11Z,0.575,2026-09-15T21:03Z,0.005,0
2026-09-15,13:13,mlb,KXMLBGAME-26SEP151940NYYMIN,New York Y @ Minnesota,New York Y,away,LEAN,0.552,0.589,0.625,-0.036,0.63,0.0,1545.6,1470.2,1.0,"form Minnesota LLWLL / New York Y WWLWW | H2H Minnesota 2-2 | Minnesota -52 Elo: Mike Paredes (SP), Mick Abel (SP) | New York Y -67 Elo: Clarke Schmidt (SP), Ryan Weathers (SP) +3 more | @ Target Field | SP New York Y: Will Warren / Minnesota: Dean Kremer | Elo 1470 v 1546; model wt 50%",0,edge,New York Y,6 injury/lineup headline(s) in last 7d,0,,,,,,,,,,W,2026-09-16T13:11Z,0.615,2026-09-15T21:03Z,-0.015,0
2026-09-15,13:13,mlb,KXMLBGAME-26SEP151907DETTOR,Detroit @ Toronto,Toronto,home,LEAN,0.528,0.541,0.555,-0.014,0.56,0.0,1524.3,1504.1,1.0,"form Toronto LLWWL / Detroit WWWWW | H2H Toronto 0-1 | Toronto -67 Elo: Jameson Taillon (SP), Trey Yesavage (SP) +3 more | Detroit -42 Elo: Jack Flaherty (SP), Parker Meadows (CF) +2 more | @ Rogers Centre | SP Detroit: Troy Melton / Toronto: Jose Soriano | Elo 1524 v 1504; model wt 50%",0,edge,Toronto,4 injury/lineup headline(s) in last 7d,0,,,,,,,,,,L,2026-09-16T13:11Z,0.565,2026-09-15T21:03Z,0.005,0
2026-09-15,13:13,mlb,KXMLBGAME-26SEP151910BALNYM,Baltimore @ New York M,New York M,home,LEAN,0.526,0.54,0.555,-0.015,0.56,0.0,1516.0,1504.2,1.0,"form New York M WLWLL / Baltimore WWLLW | H2H New York M 0-1 | New York M -45 Elo: Tylor Megill (SP), Cionel Perez (RP) +3 more | Baltimore -27 Elo: Luis Robert Jr. (CF), Christian Franklin (CF) +3 more | @ Citi Field | SP Baltimore: Brandon Young / New York M: Jonah Tong | Elo 1516 v 1504; model wt 50%",0,edge,New York M,6 injury/lineup headline(s) in last 7d,0,,,,,,,,,,L,2026-09-16T13:11Z,0.555,2026-09-15T21:03Z,-0.005,0
2026-09-15,13:13,mlb,KXMLBGAME-26SEP151840LADCIN,Los Angeles D @ Cincinnati,Los Angeles D,away,LEAN,0.502,0.594,0.685,-0.091,0.69,0.0,1528.5,1480.9,1.0,"form Cincinnati LLLWL / Los Angeles D WWLLW | H2H Cincinnati 0-4 | Cincinnati -42 Elo: Hunter Greene (SP), Blake Dunn (CF) +2 more | Los Angeles D -64 Elo: Kris Bubic (SP), Roki Sasaki (SP) +2 more | @ Great American Ball Park | SP Los Angeles D: Tarik Skubal / Cincinnati: Nick Lodolo | wx 69°F wind 4mph at kickoff | Elo 1481 v 1529; model wt 50%",0,disagreement,Los Angeles D,5 injury/lineup headline(s) in last 7d,0,,,,,,,,,,W,2026-09-16T13:11Z,0.685,2026-09-15T21:03Z,-0.005,0
2026-09-15,13:14,mlb,KXMLBGAME-26SEP151845PHIWSH,Philadelphia @ Washington,Philadelphia,away,LEAN,0.624,0.639,0.655,-0.016,0.66,0.0,1524.8,1454.1,1.0,"form Washington LLWWW / Philadelphia WLLLW | H2H Washington 1-3 | Washington -62 Elo: DJ Herz (SP), Connelly Early (SP) +2 more | Philadelphia -21 Elo: Johan Rojas (CF), Caleb Kilian (RP) +2 more | @ Nationals Park | SP Philadelphia: Cristopher Sanchez / Washington: Jackson Kent | wx 74°F wind 6mph at kickoff | Elo 1454 v 1525; model wt 50%",0,edge,Philadelphia,4 injury/lineup headline(s) in last 7d,0,,Former Philadelphia Phillies All-Star Suffers Season-Ending Injury,,,,,,,,L,2026-09-16T13:11Z,0.665,2026-09-15T21:03Z,0.005,0
2026-09-15,13:14,mlb,KXMLBGAME-26SEP151840CWSCLE,Chicago WS @ Cleveland,Cleveland,home,LEAN,0.575,0.573,0.571,0.002,0.57,0.0,1493.6,1498.4,1.0,"form Cleveland LWLWL / Chicago WS LLWLW | H2H Cleveland 3-5 | Cleveland -15 Elo: Colin Holderman (RP), Rhys Hoskins (1B) +1 more | Chicago WS -48 Elo: Drew Thorpe (SP), Joey Bart (C) +3 more | @ Progressive Field | SP Chicago WS: Sean Newcomb / Cleveland: Gavin Williams | wx 62°F wind 4mph at kickoff | Elo 1494 v 1498; model wt 50%",0,edge,Cleveland,6 injury/lineup headline(s) in last 7d,0,,,,,,,,,,W,2026-09-16T13:11Z,0.585,2026-09-15T21:03Z,0.015,0
2026-09-15,13:14,mlb,KXMLBGAME-26SEP151840ATHTB,A's @ Tampa Bay,Tampa Bay,home,LEAN,0.735,0.705,0.675,0.03,0.68,0.0,1556.0,1443.8,1.0,"form Tampa Bay WLWWW / A's LWWLW | H2H Tampa Bay 3-0 | Tampa Bay -47 Elo: Shane McClanahan (SP), Taylor Walls (SS) +3 more | A's -88 Elo: J.T. Ginn (SP), Gage Jump (SP) +3 more | @ Tropicana Field | SP A's: Jack Perkins / Tampa Bay: Griffin Jax | Tampa Bay sat at 68c from 70c over 62h | tape 97% of 500 trades / 99% of 48794 contracts, biggest 9518 | book 20% of the size near the touch | Elo 1556 v 1444; model wt 50%",0,edge,Tampa Bay,1 injury/lineup headline(s) in last 7d,0,,,,,-0.025,flat,0.972,0.9893,0.1962,W,2026-09-16T13:11Z,0.675,2026-09-15T21:03Z,-0.005,0
2026-09-15,13:14,mlb,KXMLBGAME-26SEP151840MILPIT,Milwaukee @ Pittsburgh,Milwaukee,away,LEAN,0.525,0.61,0.695,-0.085,0.7,0.0,1551.7,1510.4,1.0,"form Pittsburgh WWLLW / Milwaukee WWWWL | H2H Pittsburgh 4-3 | Pittsburgh -67 Elo: Braxton Ashcraft (SP), Mitch Keller (SP) +3 more | Milwaukee -67 Elo: Brandon Woodruff (SP), Quinn Priester (SP) +3 more | @ PNC Park | SP Milwaukee: Jacob Misiorowski / Pittsburgh: Lake Bachar | Elo 1510 v 1552; model wt 50%",0,disagreement,Milwaukee,3 injury/lineup headline(s) in last 7d,0,,,,,,,,,,W,2026-09-16T13:11Z,0.655,2026-09-15T21:03Z,-0.045,0
2026-09-15,13:14,laliga,KXLALIGAGAME-26SEP15ELCRMA,Real Madrid @ Elche,Real Madrid,away,LEAN,0.719,0.77,0.821,-0.051,0.83,0.0,1740.1,1468.8,1.0,form Elche LLLDD / Real Madrid WWLWW | H2H Elche 0-1 | @ Estadio Martínez Valero | Elo 1469 v 1740; model wt 50%,0,rating,Real Madrid,6 injury/lineup headline(s) in last 7d,0,,,,,,,,,,W,2026-09-16T13:12Z,0.875,2026-09-15T21:04Z,0.045,0
2026-09-15,13:14,laliga,KXLALIGAGAME-26SEP15ALAVCF,Valencia @ Alaves,Alaves,home,LEAN,0.483,0.558,0.567,-0.008,0.58,0.0,1518.2,1489.4,0.2,form Alaves WDWWL / Valencia LLLLL | Elo 1518 v 1489; model wt 10%,0,edge,Alaves,4 injury/lineup headline(s) in last 7d,0,,,,,,,,,,L,2026-09-15T21:04Z,,,,0
2026-09-15,13:14,laliga,KXLALIGAGAME-26SEP15RVCESP,Espanyol @ Vallecano,Vallecano,home,LEAN,0.47,0.442,0.413,0.029,0.42,0.0,1510.3,1486.1,1.0,"form Vallecano DLWLL / Espanyol LLDWW | H2H Vallecano 1-3 | @ Estadio Municipal de Butarque | Vallecano drifted to 42c from 48c over 95h | tape 94% of 500 trades / 94% of 28112 contracts, biggest 2288 | book 37% of the size near the touch | Elo 1510 v 1486; model wt 50%",0,edge,Vallecano,6 injury/lineup headline(s) in last 7d,0,,,,,-0.07,away,0.936,0.9357,0.3703,W,2026-09-15T21:04Z,,,,0
2026-09-16,13:11,wta,KXWTAMATCH-26SEP16SEMKOS,Darja Semenistaja vs Teodora Kostovic,Teodora Kostovic,neutral,LEAN,0.5,0.553,0.555,-0.002,0.56,0.0,1501.5,1501.2,0.08,form Teodora Kostovic LW / Darja Semenistaja WWLLW | Elo 1501 v 1501; model wt 4%,0,edge,Teodora Kostovic,0 injury/lineup headline(s) in last 7d,0,,,,,,,,,,W,2026-09-17T13:11Z,0.965,2026-09-16T21:03Z,0.405,0
2026-09-16,13:11,wta,KXWTAMATCH-26SEP16SONJOV,Zeynep Sonmez vs Iva Jovic,Iva Jovic,neutral,LEAN,0.553,0.748,0.785,-0.037,0.79,0.0,1546.7,1509.7,0.32,form Iva Jovic LWWWL / Zeynep Sonmez LWLLW | Elo 1547 v 1510; model wt 16%,0,edge,Iva Jovic,0 injury/lineup headline(s) in last 7d,0,,,,,,,,,,W,2026-09-17T13:11Z,0.815,2026-09-16T21:03Z,0.025,0
2026-09-16,13:11,wta,KXWTAMATCH-26SEP16DAYSAM,Liudmila Samsonova vs Kayla Day,Liudmila Samsonova,neutral,LEAN,0.52,0.675,0.705,-0.03,0.71,0.0,1541.2,1527.2,0.32,form Kayla Day WWLLW / Liudmila Samsonova LWLLW | Elo 1527 v 1541; model wt 16%,0,edge,Liudmila Samsonova,0 injury/lineup headline(s) in last 7d,0,,,,,,,,,,W,2026-09-17T13:11Z,0.705,2026-09-16T21:03Z,-0.005,0
2026-09-16,13:11,wta,KXWTAMATCH-26SEP16KOSTOW,Taylor Townsend vs Marta Kostyuk,Marta Kostyuk,neutral,LEAN,0.535,0.695,0.735,-0.04,0.74,0.0,1586.3,1561.9,0.4,form Marta Kostyuk LWWWL / Taylor Townsend WWWLW | Elo 1586 v 1562; model wt 20%,0,edge,Marta Kostyuk,0 injury/lineup headline(s) in last 7d,0,,,,,,,,,,V,2026-09-16T21:03Z,,,,0
2026-09-16,13:11,wta,KXWTAMATCH-26SEP16FREDOL,Magdalena Frech vs Caroline Dolehide,Magdalena Frech,neutral,LEAN,0.5,0.64,0.655,-0.015,0.66,0.0,1516.9,1516.8,0.2,form Caroline Dolehide LLWWW / Magdalena Frech WWLLW | Elo 1517 v 1517; model wt 10%,0,edge,Magdalena Frech,1 injury/lineup headline(s) in last 7d,0,,,,,,,,,,W,2026-09-16T21:03Z,,,,0
2026-09-16,13:11,mlb,KXMLBGAME-26SEP162138SEALAA,Seattle @ Los Angeles A,Seattle,away,LEAN,0.502,0.529,0.555,-0.026,0.56,0.0,1460.5,1435.1,1.0,form Los Angeles A LLLWW / Seattle LWLLL | H2H Los Angeles A 2-3 | Elo 1435 v 1461; model wt 50%,0,edge,Seattle,3 injury/lineup headline(s) in last 7d,0,,,,,,,,,,W,2026-09-17T13:12Z,0.555,2026-09-16T21:03Z,-0.005,0
2026-09-16,13:11,mlb,KXMLBGAME-26SEP162140MIAAZ,Miami @ Arizona,Arizona,home,LEAN,0.594,0.575,0.555,0.02,0.56,0.0,1521.2,1478.9,1.0,form Arizona WLLWL / Miami LWWLW | H2H Arizona 1-1 | Elo 1521 v 1479; model wt 50%,0,edge,Arizona,1 injury/lineup headline(s) in last 7d,0,,,,,,,,,,L,2026-09-17T13:12Z,0.555,2026-09-16T21:03Z,-0.005,0
2026-09-16,13:11,mlb,KXMLBGAME-26SEP162040SDCOL,San Diego @ Colorado,San Diego,away,LEAN,0.627,0.616,0.605,0.011,0.61,0.0,1538.8,1424.3,1.0,form Colorado LLLLW / San Diego WWWWL | H2H Colorado 1-3 | Elo 1424 v 1539; model wt 50%,0,edge,San Diego,0 injury/lineup headline(s) in last 7d,0,,,,,,,,,,W,2026-09-17T13:12Z,0.615,2026-09-16T21:03Z,0.005,0
2026-09-16,13:11,mlb,KXMLBGAME-26SEP162010KCHOU,Kansas City @ Houston,Houston,home,LEAN,0.558,0.561,0.565,-0.004,0.57,0.0,1507.6,1491.3,1.0,form Houston WLLLW / Kansas City WWLLL | H2H Houston 1-0 | Elo 1508 v 1491; model wt 50%,0,edge,Houston,4 injury/lineup headline(s) in last 7d,0,,,,,,,,,,L,2026-09-17T13:12Z,0.605,2026-09-16T21:03Z,0.035,0
2026-09-16,13:11,mlb,KXMLBGAME-26SEP162005BOSTEX,Boston @ Texas,Boston,away,LEAN,0.553,0.522,0.49,0.032,0.49,0.0,1553.9,1492.7,1.0,"form Texas LLWWW / Boston LLWWL | H2H Texas 1-0 | Boston sat at 48c from 48c over 60h | tape 93% of 277 trades / 95% of 21843 contracts, biggest 2997 | book 28% of the size near the touch | Elo 1493 v 1554; model wt 50%",0,edge,Boston,5 injury/lineup headline(s) in last 7d,0,,,,,0.01,flat,0.9314,0.9462,0.2844,L,2026-09-17T13:12Z,0.495,2026-09-16T21:03Z,0.005,0
2026-09-16,13:11,mlb,KXMLBGAME-26SEP161940ATLCHC,Atlanta @ Chicago C,Chicago C,home,LEAN,0.511,0.538,0.565,-0.027,0.57,0.0,1516.4,1532.9,1.0,form Chicago C WWLWL / Atlanta WWLLW | H2H Chicago C 1-1 | Elo 1516 v 1533; model wt 50%,0,edge,Chicago C,3 injury/lineup headline(s) in last 7d,0,,,,,,,,,,W,2026-09-17T13:12Z,0.595,2026-09-16T21:03Z,0.025,0
2026-09-16,13:11,mlb,KXMLBGAME-26SEP161910BALNYM,Baltimore @ New York M,New York M,home,LEAN,0.536,0.545,0.555,-0.01,0.56,0.0,1510.5,1509.7,1.0,form New York M LWLLL / Baltimore WLLWW | H2H New York M 0-2 | Elo 1510 v 1510; model wt 50%,0,edge,New York M,5 injury/lineup headline(s) in last 7d,0,,,,,,,,,,L,2026-09-17T13:12Z,0.525,2026-09-16T21:03Z,-0.035,0
2026-09-16,13:11,mlb,KXMLBGAME-26SEP161845PHIWSH,Philadelphia @ Washington,Philadelphia,away,LEAN,0.551,0.593,0.635,-0.042,0.64,0.0,1519.2,1459.8,1.0,form Washington LWWWW / Philadelphia LLLWL | H2H Washington 2-3 | Elo 1460 v 1519; model wt 50%,0,edge,Philadelphia,2 injury/lineup headline(s) in last 7d,0,,Former Philadelphia Phillies All-Star Suffers Season-Ending Injury,,,,,,,,W,2026-09-17T13:12Z,0.645,2026-09-16T21:03Z,0.005,0
2026-09-16,13:12,mlb,KXMLBGAME-26SEP161840ATHTB,A's @ Tampa Bay,Tampa Bay,home,LEAN,0.694,0.665,0.635,0.03,0.64,0.0,1559.1,1440.6,1.0,"form Tampa Bay LWWWW / A's WWLWL | H2H Tampa Bay 4-0 | Tampa Bay steamed to 64c from 57c over 62h | tape 91% of 488 trades / 79% of 27385 contracts, biggest 3353 | book 20% of the size near the touch | Elo 1559 v 1441; model wt 50%",0,edge,Tampa Bay,0 injury/lineup headline(s) in last 7d,0,,,,,0.06,toward,0.9139,0.79,0.2014,W,2026-09-17T13:12Z,0.625,2026-09-16T21:03Z,-0.015,0
2026-09-16,13:12,mlb,KXMLBGAME-26SEP161840LADCIN,Los Angeles D @ Cincinnati,Los Angeles D,away,LEAN,0.547,0.601,0.655,-0.054,0.66,0.0,1533.2,1476.3,1.0,form Cincinnati LLWLL / Los Angeles D WLLWW | H2H Cincinnati 0-5 | Elo 1476 v 1533; model wt 50%,0,rating,Los Angeles D,4 injury/lineup headline(s) in last 7d,0,,,,,,,,,,L,2026-09-17T13:12Z,0.665,2026-09-16T21:03Z,0.005,0
2026-09-16,13:12,mlb,KXMLBGAME-26SEP161840MILPIT,Milwaukee @ Pittsburgh,Milwaukee,away,LEAN,0.538,0.547,0.555,-0.008,0.56,0.0,1556.4,1505.7,1.0,form Pittsburgh WLLWL / Milwaukee WWWLW | H2H Pittsburgh 4-4 | Elo 1506 v 1556; model wt 50%,0,edge,Milwaukee,1 injury/lineup headline(s) in last 7d,0,,,,,,,,,,W,2026-09-17T13:12Z,0.535,2026-09-16T21:03Z,-0.025,0
2026-09-16,13:12,mlb,KXMLBGAME-26SEP161507DETTOR,Detroit @ Toronto,Toronto,home,LEAN,0.547,0.539,0.53,0.009,0.54,0.0,1518.7,1509.7,1.0,form Toronto LWWLL / Detroit WWWWW | H2H Toronto 0-2 | Elo 1519 v 1510; model wt 50%,0,edge,Toronto,2 injury/lineup headline(s) in last 7d,0,,,,,,,,,,W,2026-09-17T13:12Z,0.965,2026-09-16T21:03Z,0.425,0
2026-09-16,13:12,mlb,KXMLBGAME-26SEP161340NYYMIN,New York Y @ Minnesota,New York Y,away,LEAN,0.585,0.585,0.585,0.0,0.59,0.0,1549.9,1466.0,1.0,form Minnesota LWLLL / New York Y WLWWW | H2H Minnesota 2-3 | Elo 1466 v 1550; model wt 50%,0,edge,New York Y,3 injury/lineup headline(s) in last 7d,0,,New York Yankees Player Sends Out Heartfelt Post Amid Season-Ending Injury,,,,,,,,L,2026-09-17T13:12Z,0.455,2026-09-16T21:03Z,-0.135,0
2026-09-16,13:12,mlb,KXMLBGAME-26SEP161310CWSCLE,Chicago WS @ Cleveland,Cleveland,home,LEAN,0.541,0.583,0.625,-0.042,0.63,0.0,1498.4,1493.6,1.0,form Cleveland WLWLW / Chicago WS LWLWL | H2H Cleveland 4-5 | Elo 1498 v 1494; model wt 50%,0,edge,Cleveland,3 injury/lineup headline(s) in last 7d,0,,,,,,,,,,W,2026-09-16T21:03Z,,,,0
2026-09-16,13:12,mlb,KXMLBGAME-26SEP161315SFSTL,San Francisco @ St. Louis,St. Louis,home,LEAN,0.555,0.577,0.599,-0.022,0.61,0.0,1477.0,1462.6,1.0,form St. Louis WLWWL / San Francisco LLLLW | H2H St. Louis 1-4 | Elo 1477 v 1463; model wt 50%,0,edge,St. Louis,0 injury/lineup headline(s) in last 7d,0,,,,,,,,,,L,2026-09-16T21:03Z,,,,0
2026-09-16,13:12,laliga,KXLALIGAGAME-26SEP16LEVATH,Bilbao @ Levante,Bilbao,away,LEAN,0.292,0.428,0.443,-0.015,0.45,0.0,1499.5,1494.1,0.2,form Levante DWDDL / Bilbao LLWWD | Elo 1494 v 1499; model wt 10%,0,edge,Levante,6 injury/lineup headline(s) in last 7d,0,,,,,,,,,,V,2026-09-17T21:03Z,0.41,2026-09-17T13:12Z,-0.04,0
2026-09-16,13:12,laliga,KXLALIGAGAME-26SEP16BARSAN,Santander @ Barcelona,Barcelona,home,LEAN,0.867,0.922,0.93,-0.007,0.93,0.0,1809.9,1501.8,0.24,form Barcelona WWWWW / Santander LWLWW | Elo 1810 v 1502; model wt 12%,0,edge,Barcelona,6 injury/lineup headline(s) in last 7d,0,,,,,,,,,,W,2026-09-17T13:12Z,,,,0
2026-09-16,13:12,laliga,KXLALIGAGAME-26SEP16DEPSEV,Sevilla @ Deportivo De La Coruna,Deportivo De La Coruna,home,LEAN,0.49,0.376,0.363,0.013,0.37,0.0,1521.6,1471.5,0.2,form Deportivo De La Coruna DDWWD / Sevilla LLDWW | Elo 1522 v 1471; model wt 10%,0,edge,Deportivo De La Coruna,5 injury/lineup headline(s) in last 7d,0,,,,,,,,,,L,2026-09-16T21:03Z,,,,0
2026-09-16,13:12,laliga,KXLALIGAGAME-26SEP16ATMOSA,Osasuna @ Atletico,Atletico,home,LEAN,0.555,0.687,0.701,-0.015,0.71,0.0,1522.8,1468.4,0.2,form Atletico WDWLW / Osasuna WLLLL | Elo 1523 v 1468; model wt 10%,0,edge,Atletico,6 injury/lineup headline(s) in last 7d,0,,,,,,,,,,W,2026-09-16T21:03Z,,,,0
2026-09-16,13:12,cpl,KXCPLMATCH-26SEP161900JAMBAR,Jamaica Kingsmen @ Barbados Royals,Barbados Royals,home,LEAN,0.597,0.571,0.565,0.006,0.57,0.0,1522.8,1479.3,0.4,form Barbados Royals LWWWW / Jamaica Kingsmen LWWLL | H2H Barbados Royals 2-0 | Elo 1523 v 1479; model wt 20%,0,edge,Barbados Royals,0 injury/lineup headline(s) in last 7d,0,,,,,,,,,,L,2026-09-17T13:12Z,0.575,2026-09-16T21:03Z,0.005,0
2026-09-17,13:11,wta,KXWTAMATCH-26SEP17KOSSAM,Liudmila Samsonova vs Marta Kostyuk,Marta Kostyuk,neutral,LEAN,0.543,0.719,0.775,-0.056,0.78,0.0,1586.3,1556.5,0.48,form Marta Kostyuk LWWWL / Liudmila Samsonova WLLWW | Elo 1586 v 1557; model wt 24%,0,disagreement,Marta Kostyuk,1 injury/lineup headline(s) in last 7d,0,,,,,,,,,,,,0.775,2026-09-17T21:03Z,-0.005,
2026-09-17,13:11,wta,KXWTAMATCH-26SEP17ORTBAD,Jazmin Ortenzi vs Paula Badosa,Paula Badosa,neutral,LEAN,0.607,0.903,0.915,-0.012,0.92,0.0,1576.4,1500.8,0.08,form Paula Badosa WLWLW / Jazmin Ortenzi LW | Elo 1576 v 1501; model wt 4%,0,edge,Paula Badosa,0 injury/lineup headline(s) in last 7d,0,,,,,,,,,,W,2026-09-17T21:03Z,,,,0
2026-09-17,13:12,wta,KXWTAMATCH-26SEP17FREJOV,Iva Jovic vs Magdalena Frech,Iva Jovic,neutral,LEAN,0.54,0.7,0.735,-0.035,0.74,0.0,1561.0,1532.9,0.36,form Magdalena Frech WLLWW / Iva Jovic WWWLW | H2H Magdalena Frech 0-1 | Elo 1533 v 1561; model wt 18%,0,edge,Iva Jovic,0 injury/lineup headline(s) in last 7d,0,,,,,,,,,,,,0.855,2026-09-17T21:03Z,0.115,
2026-09-17,13:12,wta,KXWTAMATCH-26SEP17BLIVAL,Vendula Valdmannova vs Anna Blinkova,Anna Blinkova,neutral,LEAN,0.468,0.646,0.662,-0.015,0.66,0.0,1508.9,1531.1,0.16,form Anna Blinkova WWLLW / Vendula Valdmannova WWLW | Elo 1509 v 1531; model wt 8%,0,edge,Vendula Valdmannova,0 injury/lineup headline(s) in last 7d,0,,,,,,,,,,W,2026-09-17T21:03Z,,,,0
2026-09-17,13:12,wta,KXWTAMATCH-26SEP17LYSPOD,Nadia Podoroska vs Eva Lys,Eva Lys,neutral,LEAN,0.492,0.615,0.635,-0.02,0.64,0.0,1490.8,1496.5,0.28,form Eva Lys LLWLW / Nadia Podoroska WLWLW | Elo 1491 v 1497; model wt 14%,0,edge,Nadia Podoroska,0 injury/lineup headline(s) in last 7d,0,,,,,,,,,,,,0.695,2026-09-17T21:03Z,0.055,
2026-09-17,13:12,wta,KXWTAMATCH-26SEP17LAMSIE,Solana Sierra vs Suzan Lamens,Solana Sierra,neutral,LEAN,0.423,0.538,0.545,-0.007,0.55,0.0,1462.4,1516.1,0.12,form Suzan Lamens WLW / Solana Sierra LLLLW | Elo 1516 v 1462; model wt 6%,0,edge,Suzan Lamens,0 injury/lineup headline(s) in last 7d,0,,,,,,,,,,L,2026-09-17T21:03Z,,,,0
2026-09-17,13:12,wta,KXWTAMATCH-26SEP17LEMQUE,Kaitlin Quevedo vs Nauhany Vitoria Leme Da Silva,Kaitlin Quevedo,neutral,LEAN,0.46,0.827,0.835,-0.008,0.84,0.0,1486.4,1514.5,0.04,form Nauhany Vitoria Leme Da Silva W / Kaitlin Quevedo WLLLW | Elo 1515 v 1486; model wt 2%,0,edge,Nauhany Vitoria Leme Da Silva,2 injury/lineup headline(s) in last 7d,0,,,,,,,,,,W,2026-09-17T21:03Z,,,,0
2026-09-17,13:12,wta,KXWTAMATCH-26SEP17SALSTO,Mary Stoiana vs Dominika Salkova,Mary Stoiana,neutral,LEAN,0.512,0.624,0.652,-0.028,0.65,0.0,1537.6,1529.0,0.4,form Dominika Salkova LLWLW / Mary Stoiana WWWLW | Elo 1529 v 1538; model wt 20%,0,edge,Mary Stoiana,0 injury/lineup headline(s) in last 7d,0,,,,,,,,,,W,2026-09-17T21:03Z,,,,0
2026-09-17,13:12,wta,KXWTAMATCH-26SEP17AVACHA,Alina Charaeva vs Elina Avanesyan,Elina Avanesyan,neutral,LEAN,0.572,0.542,0.535,0.007,0.54,0.0,1562.9,1512.8,0.36,form Elina Avanesyan WWLLW / Alina Charaeva LWLLW | Elo 1563 v 1513; model wt 18%,0,edge,Elina Avanesyan,0 injury/lineup headline(s) in last 7d,0,,,,,,,,,,L,2026-09-17T21:03Z,,,,0
2026-09-17,13:12,wta,KXWTAMATCH-26SEP17BUCBEJ,Cristina Bucsa vs Sara Bejlek,Sara Bejlek,neutral,LEAN,0.559,0.629,0.649,-0.02,0.66,0.0,1578.7,1537.4,0.44,form Sara Bejlek WWLLW / Cristina Bucsa WWLWW | H2H Sara Bejlek 0-1 | Elo 1579 v 1537; model wt 22%,0,edge,Sara Bejlek,0 injury/lineup headline(s) in last 7d,0,,,,,,,,,,L,2026-09-17T21:03Z,,,,0
2026-09-17,13:12,wta,KXWTAMATCH-26SEP17STESTE2,Sloane Stephens vs Peyton Stearns,Peyton Stearns,neutral,LEAN,0.447,0.585,0.615,-0.03,0.62,0.0,1520.5,1557.4,0.36,form Peyton Stearns WLLWW / Sloane Stephens LWLWW | Elo 1520 v 1557; model wt 18%,0,edge,Sloane Stephens,0 injury/lineup headline(s) in last 7d,0,,,,,,,,,,,,0.625,2026-09-17T21:03Z,0.005,
2026-09-17,13:12,nfl,KXNFLGAME-26SEP17DETBUF,Detroit @ Buffalo,Buffalo,home,LEAN,0.65,0.667,0.685,-0.018,0.69,0.0,1695.7,1602.0,1.0,form Buffalo LWWWW / Detroit WLWWW | H2H Buffalo 1-0 | epa Buffalo by 2.3 (57% home) [Buffalo +0.100 / Detroit +0.091 per play] | Elo 1696 v 1602; model wt 50%; epa wt 35%,0,edge,Buffalo,6 injury/lineup headline(s) in last 7d,0,,,2.34,0.5688,,,,,,,,0.685,2026-09-17T21:03Z,-0.005,
2026-09-17,13:12,ncaaf,KXNCAAFGAME-26SEP17SYRPITT,Syracuse @ Pittsburgh,Pittsburgh,home,LEAN,0.813,0.799,0.785,0.014,0.79,0.0,1638.9,1443.6,1.0,form Pittsburgh WLLWW / Syracuse LLLWL | H2H Pittsburgh 2-1 | Elo 1639 v 1444; model wt 50%,0,edge,Pittsburgh,2 injury/lineup headline(s) in last 7d,0,,,,,,,,,,,,0.785,2026-09-17T21:03Z,-0.005,
2026-09-17,13:12,mlb,KXMLBGAME-26SEP172138MINLAA,Minnesota @ Los Angeles A,Minnesota,away,LEAN,0.525,0.52,0.515,0.005,0.52,0.0,1471.8,1430.1,1.0,form Los Angeles A LLWWL / Minnesota WLLLW | H2H Los Angeles A 1-2 | Elo 1430 v 1472; model wt 50%,0,edge,Minnesota,3 injury/lineup headline(s) in last 7d,0,,,,,,,,,,,,0.505,2026-09-17T21:03Z,-0.015,
2026-09-17,13:12,mlb,KXMLBGAME-26SEP172005BOSTEX,Boston @ Texas,Boston,away,LEAN,0.537,0.551,0.565,-0.014,0.57,0.0,1548.4,1498.3,1.0,form Texas LWWWW / Boston LWWLL | H2H Texas 2-0 | Elo 1498 v 1548; model wt 50%,0,edge,Boston,3 injury/lineup headline(s) in last 7d,0,,,,,,,,,,,,0.53,2026-09-17T21:03Z,-0.04,
2026-09-17,13:12,mlb,KXMLBGAME-26SEP171940DETCWS,Detroit @ Chicago WS,Chicago WS,home,LEAN,0.511,0.518,0.525,-0.007,0.53,0.0,1489.0,1505.2,1.0,form Chicago WS WLWLL / Detroit WWWWL | H2H Chicago WS 3-0 | Elo 1489 v 1505; model wt 50%,0,edge,Chicago WS,5 injury/lineup headline(s) in last 7d,0,,,,,,,,,,,,0.515,2026-09-17T21:03Z,-0.015,
2026-09-17,13:12,mlb,KXMLBGAME-26SEP171915KCHOU,Kansas City @ Houston,Houston,home,LEAN,0.542,0.561,0.579,-0.019,0.59,0.0,1502.0,1496.8,1.0,form Houston LLLWL / Kansas City WLLLW | H2H Houston 1-1 | Elo 1502 v 1497; model wt 50%,0,edge,Houston,3 injury/lineup headline(s) in last 7d,0,,,,,,,,,,,,0.585,2026-09-17T21:03Z,-0.005,
2026-09-17,13:12,mlb,KXMLBGAME-26SEP171915PHINYM,Philadelphia @ New York M,New York M,home,LEAN,0.508,0.529,0.551,-0.021,0.55,0.0,1505.1,1523.7,1.0,form New York M WLLLL / Philadelphia LLWLW | H2H New York M 2-1 | Elo 1505 v 1524; model wt 50%,0,edge,New York M,5 injury/lineup headline(s) in last 7d,0,,,,,,,,,,,,0.535,2026-09-17T21:03Z,-0.015,
2026-09-17,13:12,mlb,KXMLBGAME-26SEP171510SDCOL,San Diego @ Colorado,San Diego,away,LEAN,0.637,0.626,0.615,0.011,0.62,0.0,1542.5,1420.6,1.0,form Colorado LLLWL / San Diego WWWLW | H2H Colorado 1-4 | Elo 1421 v 1542; model wt 50%,0,edge,San Diego,0 injury/lineup headline(s) in last 7d,0,,,,,,,,,,,,,,,
2026-09-17,13:12,mlb,KXMLBGAME-26SEP171310ATHTB,A's @ Tampa Bay,Tampa Bay,home,LEAN,0.702,0.708,0.715,-0.007,0.72,0.0,1562.2,1437.6,1.0,form Tampa Bay WWWWW / A's WLWLL | H2H Tampa Bay 5-0 | Elo 1562 v 1438; model wt 50%,0,edge,Tampa Bay,0 injury/lineup headline(s) in last 7d,0,,,,,,,,,,W,2026-09-17T21:03Z,,,,0
2026-09-17,13:12,mlb,KXMLBGAME-26SEP171240LADCIN,Los Angeles D @ Cincinnati,Los Angeles D,away,LEAN,0.532,0.573,0.615,-0.042,0.62,0.0,1527.7,1481.7,1.0,form Cincinnati LWLLW / Los Angeles D LLWWL | H2H Cincinnati 1-5 | Elo 1482 v 1528; model wt 50%,0,edge,Los Angeles D,3 injury/lineup headline(s) in last 7d,0,,,,,,,,,,W,2026-09-17T21:03Z,,,,0
2026-09-17,13:12,mlb,KXMLBGAME-26SEP171235MILPIT,Milwaukee @ Pittsburgh,Milwaukee,away,LEAN,0.552,0.563,0.575,-0.012,0.58,0.0,1561.0,1501.1,1.0,form Pittsburgh LLWLL / Milwaukee WWLWW | H2H Pittsburgh 4-5 | Elo 1501 v 1561; model wt 50%,0,edge,Milwaukee,2 injury/lineup headline(s) in last 7d,0,,,,,,,,,,L,2026-09-17T21:03Z,,,,0
2026-09-17,13:12,laliga,KXLALIGAGAME-26SEP17MCFVIL,Villarreal @ Malaga,Villarreal,away,LEAN,0.499,0.5,0.5,-0.0,0.51,0.0,1607.7,1481.6,0.2,form Malaga LDLDD / Villarreal DLLLL | rest Malaga 4d / Villarreal 12d | Elo 1482 v 1608; model wt 10%,0,edge,Villarreal,6 injury/lineup headline(s) in last 7d,0,,,,,,,,,,,,0.855,2026-09-17T21:03Z,0.345,
2026-09-17,13:12,laliga,KXLALIGAGAME-26SEP17RBBGET,Getafe @ Real Betis,Real Betis,home,LEAN,0.609,0.615,0.622,-0.006,0.63,0.0,1582.3,1478.7,1.0,form Real Betis WWWLW / Getafe WLDDD | rest Real Betis 13d / Getafe 4d | H2H Real Betis 3-1 | Elo 1582 v 1479; model wt 50%,0,edge,Real Betis,6 injury/lineup headline(s) in last 7d,0,,,,,,,,,,W,2026-09-17T21:03Z,,,,0
2026-09-17,13:12,cpl,KXCPLMATCH-26SEP172000GAWANT,Guyana Amazon Warriors @ Antigua And Barbuda Falcons,Guyana Amazon Warriors,away,LEAN,0.47,0.567,0.588,-0.021,0.59,0.0,1561.7,1542.8,0.36,form Antigua And Barbuda Falcons WLWWW / Guyana Amazon Warriors WLWWL | rest Antigua And Barbuda Falcons 9d / Guyana Amazon Warriors 4d | H2H Antigua And Barbuda Falcons 1-1 | Elo 1543 v 1562; model wt 18%,0,edge,Antigua And Barbuda Falcons,0 injury/lineup headline(s) in last 7d,0,,,,,,,,,,,,0.615,2026-09-17T21:03Z,0.025,
